PICK,TEAM,PLAYER,YEARS,TOTALS_G,TOTALS_MP,ADVANCED_WS,ADVANCED_WS/48,ADVANCED_BPM,ADVANCED_VORP,year,final_season,MVP_Votes,First_MVP,RotY_Votes,RotY,DPOY_Votes,First_DPOY,SMotY_Votes,First_SMotY,MIP_Votes,First_MIP,all_nba_votes,all_defense_votes,all_rookie_votes,all_first,all_second,all_third,all_races,def_first,def_second,mvp,rookie
1,GSW,Joe Smith,16,1030,27022,60.3,.107,-1.5,3.0,1995,2011,0.0,0,15.0,0,0.0,0,0.0,0,8.0,0,0.0,0.0,54.0,,,,,,,,first
2,LAC,Antonio McDyess,15,1015,28053,69.8,.119,-0.1,13.2,1995,2010,0.0,0,0.0,0,0.0,0,105.0,0,1.0,0,117.0,4.0,50.0,,,1999,"1998,1999,2000,2001",,,,first
3,PHI,Jerry Stackhouse,18,970,30222,52.4,.083,0.3,17.4,1995,2013,6.0,0,2.0,0,0.0,0,473.0,0,26.0,0,70.0,0.0,52.0,,,,"2000,2002",,,"2001,2002",first
4,WSB,Rasheed Wallace,16,1109,36243,105.1,.139,2.2,38.3,1995,2011,2.0,0,0.0,0,13.0,0,16.0,0,13.0,0,120.0,49.0,15.0,,,,"1999,2000,2001,2002,2003,2004,2006,2008",,,"1999,2008",second
5,MIN,Kevin Garnett,21,1462,50418,191.4,.182,5.6,96.9,1995,2016,3368.0,2004,1.0,0,872.0,2008,0.0,0,7.0,0,2503.0,425.0,35.0,"2000,2003,2008",2005,2007,"1997,1998,2000,2003,2005,2007,2008,2009,2010,2011,2012,2013","2000,2001,2002,2003,2004,2005,2008,2009,2011","2006,2007,2012","1999,2000,2001,2002,2003,2004,2005,2007,2008,2013",second
6,VAN,Bryant Reeves,6,395,12071,13.0,.052,-3.4,-4.3,1995,2001,0.0,0,0.0,0,0.0,0,0.0,0,,0,0.0,0.0,28.0,,,,,,,,second
7,TOR,Damon Stoudamire,13,878,29106,55.4,.091,0.3,16.8,1995,2008,0.0,0,76.0,1996,0.0,0,0.0,0,,0,24.0,0.0,56.0,,,,"1996,1997,1998,1999",,,,first
8,POR,Shawn Respert,4,172,2350,2.1,.043,-2.3,-0.2,1995,1999,0.0,0,0.0,0,0.0,0,0.0,0,,0,0.0,0.0,0.0,,,,,,,,none
9,NJN,Ed O'Bannon,2,128,2062,1.1,.025,-3.5,-0.7,1995,1997,0.0,0,0.0,0,0.0,0,0.0,0,,0,0.0,0.0,0.0,,,,,,,,none
10,MIA,Kurt Thomas,18,1110,27160,64.2,.114,-0.8,8.6,1995,2013,0.0,0,0.0,0,0.0,0,0.0,0,,0,0.0,11.0,14.0,,,,,,,,none
11,MIL,Gary Trent,9,506,9866,23.2,.113,-1.0,2.4,1995,2004,0.0,0,0.0,0,0.0,0,0.0,0,14.0,0,0.0,0.0,0.0,,,,,,,,none
12,DAL,Cherokee Parks,9,472,7459,11.8,.076,-2.4,-0.7,1995,2004,0.0,0,0.0,0,0.0,0,0.0,0,,0,0.0,0.0,0.0,,,,,,,,none
13,SAC,Corliss Williamson,12,822,18749,34.7,.089,-2.0,-0.1,1995,2007,0.0,0,0.0,0,0.0,0,151.0,2002,25.0,0,0.0,0.0,0.0,,,,,,,,none
14,BOS,Eric Williams,12,658,15731,23.2,.071,-2.4,-1.5,1995,2007,0.0,0,0.0,0,0.0,0,0.0,0,,0,0.0,0.0,9.0,,,,,,,,none
15,DEN,Brent Barry,14,912,23643,70.5,.143,2.6,27.7,1995,2009,0.0,0,0.0,0,0.0,0,0.0,0,9.0,0,0.0,0.0,21.0,,,,,,,,second
16,ATL,Alan Henderson,12,652,13780,28.0,.097,-1.8,0.6,1995,2007,0.0,0,0.0,0,0.0,0,0.0,0,33.0,1998,0.0,0.0,1.0,,,,,,,,none
17,CLE,Bob Sura,10,657,15597,28.3,.087,0.4,9.4,1995,2005,0.0,0,0.0,0,0.0,0,0.0,0,1.0,0,0.0,1.0,1.0,,,,,,,,none
18,DET,Theo Ratliff,16,810,20500,47.9,.112,0.0,10.3,1995,2011,0.0,0,0.0,0,111.0,0,0.0,0,9.0,0,8.0,55.0,0.0,,,,"2001,2003,2004",,2004,,none
19,DET,Randolph Childress,2,51,405,-0.2,-.026,-5.7,-0.4,1995,1997,0.0,0,0.0,0,0.0,0,0.0,0,,0,0.0,0.0,0.0,,,,,,,,none
20,CHI,Jason Caffey,8,462,9045,13.5,.072,-3.6,-3.6,1995,2003,0.0,0,0.0,0,0.0,0,0.0,0,,0,0.0,0.0,0.0,,,,,,,,none
21,PHO,Michael Finley,15,1103,37996,85.2,.108,1.0,28.8,1995,2010,3.0,0,2.0,0,0.0,0,10.0,0,6.0,0,136.0,10.0,0.0,,,,"1998,1999,2000,2001,2002,2003,2004",,,"1998,2000,2001",none
22,CHH,George Zídek,3,135,1328,0.8,.029,-7.5,-1.8,1995,1998,0.0,0,0.0,0,0.0,0,0.0,0,,0,0.0,0.0,0.0,,,,,,,,none
23,IND,Travis Best,10,708,15150,30.9,.098,-0.4,6.0,1995,2005,0.0,0,0.0,0,0.0,0,5.0,0,2.0,0,0.0,2.0,0.0,,,,,,,,none
24,DAL,Loren Meyer,3,140,2044,0.5,.012,-7.2,-2.7,1995,1998,0.0,0,0.0,0,0.0,0,0.0,0,,0,0.0,0.0,0.0,,,,,,,,none
25,ORL,David Vaughn,4,118,1156,0.6,.026,-6.4,-1.3,1995,1999,0.0,0,0.0,0,0.0,0,0.0,0,,0,0.0,0.0,0.0,,,,,,,,none
26,SEA,Sherell Ford,1,28,139,0.4,.124,-5.2,-0.1,1995,1996,0.0,0,0.0,0,0.0,0,0.0,0,,0,0.0,0.0,0.0,,,,,,,,none
27,PHO,Mario Bennett,4,68,606,1.9,.153,-0.8,0.2,1995,1999,0.0,0,0.0,0,0.0,0,0.0,0,,0,0.0,0.0,0.0,,,,,,,,none
28,UTA,Greg Ostertag,11,756,14753,33.8,.110,-0.6,5.1,1995,2006,0.0,0,0.0,0,0.0,0,0.0,0,1.0,0,0.0,1.0,0.0,,,,,,,,none
29,SAS,Cory Alexander,7,307,4847,3.0,.030,-1.7,0.4,1995,2002,0.0,0,0.0,0,0.0,0,0.0,0,,0,0.0,0.0,0.0,,,,,,,,none
30,DET,Lou Roe,2,66,479,0.0,-.001,-4.9,-0.4,1995,1997,0.0,0,0.0,0,0.0,0,0.0,0,,0,0.0,0.0,0.0,,,,,,,,none
31,CHI,Dragan Tarlać,1,43,598,-0.2,-.016,-7.3,-0.8,1995,1996,0.0,0,0.0,0,0.0,0,0.0,0,,0,0.0,0.0,0.0,,,,,,,,none
32,WSB,Terrence Rencher,1,36,405,-0.2,-.021,-4.0,-0.2,1995,1996,0.0,0,0.0,0,0.0,0,0.0,0,,0,0.0,0.0,0.0,,,,,,,,none
33,BOS,Junior Burrough,1,61,495,-0.2,-.018,-7.5,-0.7,1995,1996,0.0,0,0.0,0,0.0,0,0.0,0,,0,0.0,0.0,0.0,,,,,,,,none
34,GSW,Andrew DeClercq,10,587,9847,19.4,.094,-2.9,-2.4,1995,2005,0.0,0,0.0,0,0.0,0,0.0,0,,0,0.0,0.0,0.0,,,,,,,,none
35,TOR,Jimmy King,2,64,890,0.0,.001,-4.6,-0.6,1995,1997,0.0,0,0.0,0,0.0,0,0.0,0,,0,0.0,0.0,0.0,,,,,,,,none
36,VAN,Lawrence Moten,3,119,1814,0.0,.001,-2.1,0.0,1995,1998,0.0,0,0.0,0,0.0,0,0.0,0,,0,0.0,0.0,0.0,,,,,,,,none
37,LAL,Frankie King,2,13,79,0.0,.025,-4.7,-0.1,1995,1997,0.0,0,0.0,0,0.0,0,0.0,0,,0,0.0,0.0,0.0,,,,,,,,none
38,MIL,Rashard Griffith,0,,,,,,,1995,1995,0.0,0,0.0,0,0.0,0,0.0,0,,0,0.0,0.0,0.0,,,,,,,,none
39,CLE,Donny Marshall,5,119,919,0.9,.045,-3.8,-0.4,1995,2000,0.0,0,0.0,0,0.0,0,0.0,0,,0,0.0,0.0,0.0,,,,,,,,none
40,GSW,Dwayne Whitfield,1,8,122,0.0,.010,-7.2,-0.2,1995,1996,0.0,0,0.0,0,0.0,0,0.0,0,,0,0.0,0.0,0.0,,,,,,,,none
41,HOU,Erik Meek,0,,,,,,,1995,1995,0.0,0,0.0,0,0.0,0,0.0,0,,0,0.0,0.0,0.0,,,,,,,,none
42,ATL,Donnie Boyce,2,30,195,-0.3,-.064,-4.9,-0.1,1995,1997,0.0,0,0.0,0,0.0,0,0.0,0,,0,0.0,0.0,0.0,,,,,,,,none
43,MIL,Eric Snow,13,846,23132,43.4,.090,-1.0,5.9,1995,2008,0.0,0,0.0,0,6.0,0,0.0,0,18.0,0,0.0,77.0,0.0,,,,,,2003,,none
44,DEN,Anthony Pelle,0,,,,,,,1995,1995,0.0,0,0.0,0,0.0,0,0.0,0,,0,0.0,0.0,0.0,,,,,,,,none
45,ATL,Troy Brown,0,,,,,,,1995,1995,0.0,0,0.0,0,0.0,0,0.0,0,,0,0.0,0.0,0.0,,,,,,,,none
46,MIA,George Banks,0,,,,,,,1995,1995,0.0,0,0.0,0,0.0,0,0.0,0,,0,0.0,0.0,0.0,,,,,,,,none
47,SAC,Tyus Edney,4,226,4743,6.8,.069,-1.5,0.7,1995,1999,0.0,0,0.0,0,0.0,0,0.0,0,,0,0.0,0.0,0.0,,,,,,,,none
48,MIN,Mark Davis,5,230,3681,2.3,.030,-2.4,-0.4,1995,2000,0.0,0,0.0,0,0.0,0,1.0,0,,0,0.0,0.0,0.0,,,,,,,,none
49,MIN,Jerome Allen,2,117,1305,0.2,.006,-3.2,-0.4,1995,1997,0.0,0,0.0,0,0.0,0,0.0,0,,0,0.0,0.0,0.0,,,,,,,,none
50,GSW,Martin Lewis,2,25,239,0.1,.026,-5.0,-0.2,1995,1997,0.0,0,0.0,0,0.0,0,0.0,0,,0,0.0,0.0,0.0,,,,,,,,none
51,SAC,Dejan Bodiroga,0,,,,,,,1995,1995,0.0,0,0.0,0,0.0,0,0.0,0,,0,0.0,0.0,0.0,,,,,,,,none
52,IND,Fred Hoiberg,10,541,9978,27.6,.133,1.2,8.0,1995,2005,0.0,0,0.0,0,0.0,0,1.0,0,,0,0.0,0.0,0.0,,,,,,,,none
53,LAC,Constantin Popa,0,,,,,,,1995,1995,0.0,0,0.0,0,0.0,0,0.0,0,,0,0.0,0.0,0.0,,,,,,,,none
54,SEA,Eurelijus Žukauskas,0,,,,,,,1995,1995,0.0,0,0.0,0,0.0,0,0.0,0,,0,0.0,0.0,0.0,,,,,,,,none
55,GSW,Michael McDonald,1,1,4,-0.1,-.638,-32.4,0.0,1995,1996,0.0,0,0.0,0,0.0,0,0.0,0,,0,0.0,0.0,0.0,,,,,,,,none
56,PHO,Chris Carr,6,297,4505,3.9,.042,-3.0,-1.1,1995,2001,0.0,0,0.0,0,0.0,0,0.0,0,,0,0.0,0.0,0.0,,,,,,,,none
57,ATL,Cuonzo Martin,2,7,32,-0.1,-.151,-6.3,0.0,1995,1997,0.0,0,0.0,0,0.0,0,0.0,0,,0,0.0,0.0,0.0,,,,,,,,none
58,DET,Don Reid,8,403,5374,13.7,.123,-2.1,-0.2,1995,2003,0.0,0,0.0,0,0.0,0,0.0,0,,0,0.0,0.0,1.0,,,,,,,,none
1,PHI,Allen Iverson,14,914,37584,99.0,.126,3.2,49.6,1996,2010,1926.0,2001,44.0,1997,40.0,0,0.0,0,,0,1817.0,44.0,55.0,"1999,2005","2002,2003",2006,"1997,1998,1999,2002,2003,2004,2005,2006,2007",,,"1997,1999,2000,2001,2002,2003,2005,2006",first
2,TOR,Marcus Camby,17,973,28684,81.6,.137,2.3,31.3,1996,2013,1.0,0,0.0,0,846.0,2007,1.0,0,1.0,0,138.0,121.0,49.0,,,,"2001,2005,2006,2007,2008,2010","2007,2008","2005,2006",2005,first
3,VAN,Shareef Abdur-Rahim,12,830,28882,71.2,.118,1.0,21.9,1996,2008,0.0,0,25.0,0,0.0,0,8.0,0,,0,61.0,0.0,56.0,,,,"1998,1999,2000,2001,2002",,,,first
4,MIL,Stephon Marbury,13,846,31891,77.5,.117,1.8,30.7,1996,2009,0.0,0,35.0,0,0.0,0,0.0,0,5.0,0,342.0,0.0,55.0,,,"2000,2003","1998,1999,2000,2001,2003,2004,2005",,,,first
5,MIN,Ray Allen,18,1300,46344,145.1,.150,2.9,57.6,1996,2014,48.0,0,0.0,0,0.0,0,0.0,0,,0,373.0,0.0,31.0,,2005,2001,"1998,1999,2000,2001,2002,2003,2004,2005,2006,2007,2008,2009,2011",,,"2001,2005",second
6,BOS,Antoine Walker,12,893,31531,38.1,.058,0.3,18.0,1996,2008,6.0,0,6.0,0,0.0,0,6.0,0,2.0,0,94.0,0.0,49.0,,,,"1997,1998,2001,2002,2003",,,1998,first
7,LAC,Lorenzen Wright,13,778,18535,30.5,.079,-2.6,-3.0,1996,2009,0.0,0,0.0,0,0.0,0,0.0,0,,0,0.0,0.0,12.0,,,,,,,,none
8,NJN,Kerry Kittles,8,507,16929,44.8,.127,2.2,18.0,1996,2004,0.0,0,5.0,0,0.0,0,0.0,0,,0,0.0,0.0,41.0,,,,,,,,second
9,DAL,Samaki Walker,10,445,7612,14.2,.089,-2.6,-1.1,1996,2006,0.0,0,0.0,0,0.0,0,0.0,0,,0,0.0,0.0,0.0,,,,,,,,none
10,IND,Erick Dampier,16,987,24003,52.7,.105,-1.3,4.1,1996,2012,0.0,0,0.0,0,0.0,0,1.0,0,5.0,0,4.0,0.0,2.0,,,,2004,,,,none
11,GSW,Todd Fuller,5,225,2500,2.2,.041,-5.7,-2.3,1996,2001,0.0,0,0.0,0,0.0,0,0.0,0,,0,0.0,0.0,0.0,,,,,,,,none
12,CLE,Vitaly Potapenko,11,610,11608,15.5,.064,-4.0,-5.9,1996,2007,0.0,0,0.0,0,0.0,0,0.0,0,,0,0.0,0.0,12.0,,,,,,,,none
13,CHH,Kobe Bryant,20,1346,48637,172.7,.170,4.6,80.1,1996,2016,5185.0,2008,0.0,0,134.0,0,31.0,0,5.0,0,6782.0,424.0,15.0,"2002,2003,2004,2006,2007,2009,2010,2011,2012,2013","2000,2001","1999,2005","1998,1999,2000,2001,2002,2003,2004,2005,2006,2007,2009,2010,2011,2012,2013","2000,2003,2004,2006,2007,2008,2009,2010,2011","2001,2002,2012","2000,2001,2002,2003,2004,2006,2007,2008,2009,2010,2011,2012,2013",second
14,SAC,Peja Stojaković,13,804,26966,82.6,.147,1.9,26.2,1996,2009,282.0,0,0.0,0,0.0,0,1.0,0,14.0,0,388.0,0.0,5.0,,2004,,"2001,2003,2004,2005",,,"2002,2004",none
15,PHO,Steve Nash,18,1217,38069,129.7,.164,3.0,48.2,1996,2014,3083.0,2005,0.0,0,0.0,0,0.0,0,22.0,0,1729.0,0.0,0.0,"2005,2006",2008,"2002,2003","2002,2003,2005,2006,2008,2009,2011,2012",,,"2002,2003,2005,2006,2007,2008,2010,2012",none
16,CHH,Tony Delk,10,545,11702,19.5,.080,-0.4,4.8,1996,2006,0.0,0,0.0,0,0.0,0,1.0,0,,0,0.0,0.0,2.0,,,,,,,,none
17,POR,Jermaine O'Neal,18,1011,27364,66.0,.116,0.3,15.6,1996,2014,523.0,0,0.0,0,11.0,0,0.0,0,57.0,2002,90.0,22.0,0.0,,,2002,"2001,2002,2005,2007,2009",,,2004,none
18,NYK,John Wallace,7,381,6143,6.4,.050,-2.7,-1.0,1996,2003,0.0,0,0.0,0,0.0,0,0.0,0,2.0,0,0.0,0.0,0.0,,,,,,,,none
19,NYK,Walter McCarty,10,593,10374,13.8,.064,-1.7,0.8,1996,2006,0.0,0,0.0,0,0.0,0,0.0,0,,0,0.0,0.0,0.0,,,,,,,,none
20,CLE,Zydrunas Ilgauskas,13,843,22965,66.3,.139,-0.2,10.2,1996,2009,0.0,0,0.0,0,0.0,0,0.0,0,3.0,0,45.0,0.0,54.0,,,,"2003,2004,2005,2006",,,,first
21,NYK,Dontae' Jones,1,15,91,-0.3,-.175,-10.9,-0.2,1996,1997,0.0,0,0.0,0,0.0,0,0.0,0,,0,0.0,0.0,0.0,,,,,,,,none
22,VAN,Roy Rogers,3,137,2309,1.7,.035,-3.7,-1.0,1996,1999,0.0,0,0.0,0,0.0,0,0.0,0,,0,0.0,0.0,3.0,,,,,,,,none
23,DEN,Efthimios Rentzias,1,35,144,0.2,.058,-3.8,-0.1,1996,1997,0.0,0,0.0,0,0.0,0,0.0,0,,0,0.0,0.0,0.0,,,,,,,,none
24,LAL,Derek Fisher,18,1287,32719,62.3,.091,-0.9,8.9,1996,2014,0.0,0,0.0,0,0.0,0,3.0,0,,0,0.0,8.0,5.0,,,,,,,,none
25,UTA,Martin Müürsepp,2,83,951,2.0,.100,-1.6,0.1,1996,1998,0.0,0,0.0,0,0.0,0,0.0,0,,0,0.0,0.0,0.0,,,,,,,,none
26,DET,Jerome Williams,9,587,12755,37.9,.143,0.3,7.4,1996,2005,0.0,0,0.0,0,0.0,0,2.0,0,,0,0.0,3.0,0.0,,,,,,,,none
27,ORL,Brian Evans,3,102,1097,1.7,.076,-0.8,0.3,1996,1999,0.0,0,0.0,0,0.0,0,0.0,0,,0,0.0,0.0,0.0,,,,,,,,none
28,ATL,Priest Lauderdale,2,74,525,-0.8,-.074,-7.9,-0.8,1996,1998,0.0,0,0.0,0,0.0,0,0.0,0,,0,0.0,0.0,0.0,,,,,,,,none
29,CHI,Travis Knight,7,371,4566,7.9,.083,-3.0,-1.1,1996,2003,0.0,0,0.0,0,0.0,0,0.0,0,,0,0.0,0.0,18.0,,,,,,,,second
30,HOU,Othella Harrington,12,709,13924,23.1,.080,-3.4,-4.9,1996,2008,0.0,0,0.0,0,0.0,0,0.0,0,1.0,0,0.0,0.0,0.0,,,,,,,,none
31,PHI,Mark Hendrickson,4,114,1508,2.1,.067,-3.8,-0.7,1996,2000,0.0,0,0.0,0,0.0,0,0.0,0,,0,0.0,0.0,0.0,,,,,,,,none
32,PHI,Ryan Minor,0,,,,,,,1996,1996,0.0,0,0.0,0,0.0,0,0.0,0,,0,0.0,0.0,0.0,,,,,,,,none
33,MIL,Moochie Norris,9,445,7640,10.0,.063,-1.4,1.2,1996,2005,0.0,0,0.0,0,0.0,0,0.0,0,,0,0.0,0.0,0.0,,,,,,,,none
34,DAL,Shawn Harvey,0,,,,,,,1996,1996,0.0,0,0.0,0,0.0,0,0.0,0,,0,0.0,0.0,0.0,,,,,,,,none
35,SEA,Joseph Blair,0,,,,,,,1996,1996,0.0,0,0.0,0,0.0,0,0.0,0,,0,0.0,0.0,0.0,,,,,,,,none
36,LAC,Doron Sheffer,0,,,,,,,1996,1996,0.0,0,0.0,0,0.0,0,0.0,0,,0,0.0,0.0,0.0,,,,,,,,none
37,DEN,Jeff McInnis,11,576,15927,23.1,.070,-2.1,-0.3,1996,2007,0.0,0,0.0,0,0.0,0,0.0,0,1.0,0,0.0,0.0,0.0,,,,,,,,none
38,BOS,Steve Hamer,1,35,268,0.2,.031,-6.5,-0.3,1996,1997,0.0,0,0.0,0,0.0,0,0.0,0,,0,0.0,0.0,0.0,,,,,,,,none
39,PHO,Russ Millard,0,,,,,,,1996,1996,0.0,0,0.0,0,0.0,0,0.0,0,,0,0.0,0.0,0.0,,,,,,,,none
40,GSW,Marcus Mann,0,,,,,,,1996,1996,0.0,0,0.0,0,0.0,0,0.0,0,,0,0.0,0.0,0.0,,,,,,,,none
41,SAC,Jason Sasser,2,14,108,0.0,-.014,-5.7,-0.1,1996,1998,0.0,0,0.0,0,0.0,0,0.0,0,,0,0.0,0.0,0.0,,,,,,,,none
42,HOU,Randy Livingston,11,203,2684,2.3,.041,-2.5,-0.3,1996,2007,0.0,0,0.0,0,0.0,0,0.0,0,,0,0.0,0.0,0.0,,,,,,,,none
43,PHO,Ben Davis,4,40,154,0.1,.040,-5.5,-0.1,1996,2000,0.0,0,0.0,0,0.0,0,0.0,0,,0,0.0,0.0,0.0,,,,,,,,none
44,CHH,Malik Rose,13,813,13404,26.5,.095,-2.1,-0.4,1996,2009,0.0,0,0.0,0,0.0,0,65.0,0,,0,0.0,1.0,0.0,,,,,,,,none
45,SEA,Joe Vogel,0,,,,,,,1996,1996,0.0,0,0.0,0,0.0,0,0.0,0,,0,0.0,0.0,0.0,,,,,,,,none
46,POR,Marcus Brown,2,27,229,0.3,.066,-2.6,0.0,1996,1998,0.0,0,0.0,0,0.0,0,0.0,0,,0,0.0,0.0,0.0,,,,,,,,none
47,SEA,Ron Riley,0,,,,,,,1996,1996,0.0,0,0.0,0,0.0,0,0.0,0,,0,0.0,0.0,0.0,,,,,,,,none
48,PHI,Jamie Feick,5,201,4316,8.2,.091,-2.7,-0.7,1996,2001,0.0,0,0.0,0,0.0,0,0.0,0,,0,0.0,0.0,0.0,,,,,,,,none
49,ORL,Amal McCaskill,4,114,968,0.5,.024,-4.7,-0.7,1996,2000,0.0,0,0.0,0,0.0,0,0.0,0,,0,0.0,0.0,0.0,,,,,,,,none
50,HOU,Terrell Bell,0,,,,,,,1996,1996,0.0,0,0.0,0,0.0,0,0.0,0,,0,0.0,0.0,0.0,,,,,,,,none
51,VAN,Chris Robinson,2,76,1095,-0.1,-.003,-4.0,-0.6,1996,1998,0.0,0,0.0,0,0.0,0,0.0,0,,0,0.0,0.0,0.0,,,,,,,,none
52,IND,Mark Pope,6,153,1634,1.3,.038,-4.3,-0.9,1996,2002,0.0,0,0.0,0,0.0,0,0.0,0,,0,0.0,0.0,0.0,,,,,,,,none
53,MIL,Jeff Nordgaard,1,13,48,0.0,.043,-3.7,0.0,1996,1997,0.0,0,0.0,0,0.0,0,0.0,0,,0,0.0,0.0,0.0,,,,,,,,none
54,UTA,Shandon Anderson,10,719,15946,23.6,.071,-1.3,3.0,1996,2006,0.0,0,0.0,0,0.0,0,0.0,0,,0,0.0,0.0,3.0,,,,,,,,none
55,WSB,Ronnie Henderson,0,,,,,,,1996,1996,0.0,0,0.0,0,0.0,0,0.0,0,,0,0.0,0.0,0.0,,,,,,,,none
56,CLE,Reggie Geary,2,101,931,0.6,.032,-2.5,-0.1,1996,1998,0.0,0,0.0,0,0.0,0,0.0,0,,0,0.0,0.0,0.0,,,,,,,,none
57,SEA,Drew Barry,3,60,598,0.6,.051,-3.5,-0.2,1996,1999,0.0,0,0.0,0,0.0,0,0.0,0,,0,0.0,0.0,0.0,,,,,,,,none
58,DAL,Darnell Robinson,0,,,,,,,1996,1996,0.0,0,0.0,0,0.0,0,0.0,0,,0,0.0,0.0,0.0,,,,,,,,none
1,SAS,Tim Duncan,19,1392,47368,206.4,.209,5.6,91.1,1997,2016,5238.0,2002,113.0,1998,553.0,0,0.0,0,,0,6226.0,605.0,56.0,"1998,1999,2000,2001,2002,2004,2005,2007,2013","2006,2008,2009","2010,2015","1998,1999,2000,2001,2002,2004,2005,2006,2007,2008,2009,2010,2011,2012,2013,2014,2015,2016","1999,2000,2001,2002,2003,2005,2007,2008","1998,2004,2006,2009,2010,2013,2015","1998,1999,2000,2001,2002,2003,2004,2005,2006,2007,2008,2009,2012,2013,2014,2015",first
2,PHI,Keith Van Horn,9,575,18150,41.7,.110,0.1,9.6,1997,2006,0.0,0,3.0,0,0.0,0,0.0,0,,0,13.0,0.0,56.0,,,,"1998,1999",,,,first
3,BOS,Chauncey Billups,17,1043,33008,120.8,.176,3.2,43.5,1997,2014,468.0,0,0.0,0,1.0,0,0.0,0,42.0,0,293.0,79.0,0.0,,,"2007,2009","2004,2005,2007,2008,2009,2010",,"2005,2006","2006,2007,2009,2010",none
4,VAN,Antonio Daniels,13,872,19671,47.0,.115,0.0,10.1,1997,2010,0.0,0,0.0,0,0.0,0,10.0,0,,0,0.0,0.0,3.0,,,,,,,,none
5,DEN,Tony Battie,14,837,17649,36.4,.099,-1.8,0.8,1997,2011,0.0,0,0.0,0,0.0,0,0.0,0,,0,0.0,0.0,0.0,,,,,,,,none
6,BOS,Ron Mercer,8,432,13418,9.4,.034,-2.7,-2.5,1997,2005,0.0,0,0.0,0,0.0,0,0.0,0,,0,0.0,0.0,50.0,,,,,,,,first
7,NJN,Tim Thomas,13,824,21336,35.2,.079,-0.8,6.4,1997,2010,0.0,0,0.0,0,0.0,0,27.0,0,,0,0.0,0.0,30.0,,,,,,,,second
8,GSW,Adonal Foyle,12,733,13060,18.7,.069,-1.7,1.1,1997,2009,0.0,0,0.0,0,3.0,0,0.0,0,,0,0.0,0.0,0.0,,,,,,,,none
9,TOR,Tracy McGrady,15,938,30658,97.3,.152,5.2,55.7,1997,2012,1054.0,0,0.0,0,0.0,0,3.0,0,87.0,2001,2098.0,16.0,0.0,"2002,2003","2001,2004,2007",2008,"2001,2002,2003,2004,2007,2008",,,"2001,2002,2003,2005,2007,2008",none
10,MIL,Danny Fortson,10,440,8832,22.3,.121,-3.2,-2.6,1997,2007,0.0,0,0.0,0,0.0,0,0.0,0,7.0,0,0.0,0.0,8.0,,,,,,,,none
11,SAC,Tariq Abdul-Wahad,6,236,4807,3.5,.035,-3.0,-1.2,1997,2003,0.0,0,0.0,0,0.0,0,0.0,0,,0,0.0,3.0,1.0,,,,,,,,none
12,IND,Austin Croshere,12,659,11480,27.6,.115,-0.1,5.6,1997,2009,0.0,0,0.0,0,0.0,0,1.0,0,17.0,0,0.0,0.0,0.0,,,,,,,,none
13,CLE,Derek Anderson,11,615,17975,43.9,.117,1.0,13.5,1997,2008,0.0,0,0.0,0,0.0,0,0.0,0,,0,0.0,0.0,25.0,,,,,,,,second
14,LAC,Maurice Taylor,9,534,13324,9.9,.036,-3.6,-5.3,1997,2006,0.0,0,0.0,0,0.0,0,8.0,0,3.0,0,0.0,0.0,25.0,,,,,,,,second
15,DAL,Kelvin Cato,10,541,10617,28.6,.129,-0.3,4.4,1997,2007,0.0,0,0.0,0,0.0,0,0.0,0,,0,0.0,1.0,1.0,,,,,,,,none
16,CLE,Brevin Knight,12,729,18176,32.6,.086,0.3,10.5,1997,2009,0.0,0,0.0,0,1.0,0,0.0,0,3.0,0,1.0,13.0,54.0,,,,1998,,,,first
17,ORL,Johnny Taylor,3,54,866,0.1,.007,-4.0,-0.4,1997,2000,0.0,0,0.0,0,0.0,0,0.0,0,,0,0.0,0.0,0.0,,,,,,,,none
18,POR,Chris Anstey,3,155,2157,2.8,.062,-2.9,-0.5,1997,2000,0.0,0,0.0,0,0.0,0,0.0,0,,0,0.0,0.0,1.0,,,,,,,,none
19,DET,Scot Pollard,11,506,8372,26.6,.153,-0.6,2.9,1997,2008,0.0,0,0.0,0,0.0,0,0.0,0,,0,0.0,0.0,0.0,,,,,,,,none
20,MIN,Paul Grant,2,16,111,-0.1,-.043,-8.7,-0.2,1997,1999,0.0,0,0.0,0,0.0,0,0.0,0,,0,0.0,0.0,0.0,,,,,,,,none
21,NJN,Anthony Parker,9,494,13752,24.5,.085,-0.2,6.1,1997,2006,0.0,0,0.0,0,1.0,0,0.0,0,,0,0.0,0.0,0.0,,,,,,,,none
22,ATL,Ed Gray,2,60,809,0.1,.009,-4.0,-0.4,1997,1999,0.0,0,0.0,0,0.0,0,0.0,0,,0,0.0,0.0,0.0,,,,,,,,none
23,SEA,Bobby Jackson,12,755,16790,31.4,.090,0.4,10.0,1997,2009,0.0,0,0.0,0,0.0,0,474.0,2003,12.0,0,0.0,4.0,18.0,,,,,,,,second
24,HOU,Rodrick Rhodes,3,72,1234,-1.6,-.064,-6.3,-1.3,1997,2000,0.0,0,0.0,0,0.0,0,0.0,0,,0,0.0,0.0,1.0,,,,,,,,none
25,NYK,John Thomas,5,208,2253,3.2,.067,-4.4,-1.4,1997,2002,0.0,0,0.0,0,0.0,0,0.0,0,,0,0.0,0.0,0.0,,,,,,,,none
26,MIA,Charles Smith,5,142,1973,1.5,.036,-1.1,0.4,1997,2002,0.0,0,0.0,0,0.0,0,0.0,0,,0,0.0,0.0,0.0,,,,,,,,none
27,UTA,Jacque Vaughn,12,776,12658,15.4,.058,-3.4,-4.5,1997,2009,0.0,0,0.0,0,0.0,0,1.0,0,,0,0.0,0.0,0.0,,,,,,,,none
28,CHI,Keith Booth,2,45,449,-0.8,-.080,-6.1,-0.5,1997,1999,0.0,0,0.0,0,0.0,0,0.0,0,,0,0.0,0.0,0.0,,,,,,,,none
30,HOU,Serge Zwikker,0,,,,,,,1997,1997,0.0,0,0.0,0,0.0,0,0.0,0,,0,0.0,0.0,0.0,,,,,,,,none
31,MIA,Mark Sanford,0,,,,,,,1997,1997,0.0,0,0.0,0,0.0,0,0.0,0,,0,0.0,0.0,0.0,,,,,,,,none
32,DET,Charles O'Bannon,2,48,399,0.6,.070,-2.0,0.0,1997,1999,0.0,0,0.0,0,0.0,0,0.0,0,,0,0.0,0.0,0.0,,,,,,,,none
33,DEN,James Cotton,2,19,92,0.0,.008,-6.6,-0.1,1997,1999,0.0,0,0.0,0,0.0,0,0.0,0,,0,0.0,0.0,0.0,,,,,,,,none
34,PHI,Marko Milič,2,44,216,0.2,.047,-2.4,0.0,1997,1999,0.0,0,0.0,0,0.0,0,0.0,0,,0,0.0,0.0,0.0,,,,,,,,none
35,DAL,Bubba Wells,1,39,395,0.1,.013,-3.5,-0.2,1997,1998,0.0,0,0.0,0,0.0,0,0.0,0,,0,0.0,0.0,0.0,,,,,,,,none
36,PHI,Kebu Stewart,1,15,110,0.2,.098,-1.4,0.0,1997,1998,0.0,0,0.0,0,0.0,0,0.0,0,,0,0.0,0.0,0.0,,,,,,,,none
37,PHI,James Collins,1,23,103,0.0,.008,-1.0,0.0,1997,1998,0.0,0,0.0,0,0.0,0,0.0,0,,0,0.0,0.0,0.0,,,,,,,,none
38,GSW,Marc Jackson,7,387,7572,13.0,.082,-2.7,-1.4,1997,2004,0.0,0,7.0,0,0.0,0,0.0,0,,0,0.0,0.0,51.0,,,,,,,,first
39,MIL,Jerald Honeycutt,2,54,632,0.3,.020,-3.3,-0.2,1997,1999,0.0,0,0.0,0,0.0,0,0.0,0,,0,0.0,0.0,0.0,,,,,,,,none
40,SAC,Anthony Johnson,13,793,15552,23.2,.072,-1.5,2.0,1997,2010,0.0,0,0.0,0,0.0,0,0.0,0,1.0,0,0.0,1.0,5.0,,,,,,,,none
41,SEA,Eddie Elisma,0,,,,,,,1997,1997,0.0,0,0.0,0,0.0,0,0.0,0,,0,0.0,0.0,0.0,,,,,,,,none
42,DEN,Jason Lawson,1,17,80,0.5,.280,4.8,0.1,1997,1998,0.0,0,0.0,0,0.0,0,0.0,0,,0,0.0,0.0,0.0,,,,,,,,none
43,PHO,Stephen Jackson,14,858,27398,36.1,.063,-0.4,11.2,1997,2011,1.0,0,0.0,0,0.0,0,0.0,0,5.0,0,0.0,1.0,4.0,,,,,,,2010,none
44,MIN,Gordon Malone,0,,,,,,,1997,1997,0.0,0,0.0,0,0.0,0,0.0,0,,0,0.0,0.0,0.0,,,,,,,,none
45,CLE,Cedric Henderson,5,260,6182,3.3,.026,-2.8,-1.3,1997,2002,0.0,0,0.0,0,0.0,0,0.0,0,,0,0.0,0.0,27.0,,,,,,,,second
46,WAS,God Shammgod,1,20,146,-0.1,-.049,-6.2,-0.2,1997,1998,0.0,0,0.0,0,0.0,0,0.0,0,,0,0.0,0.0,0.0,,,,,,,,none
47,ORL,Eric Washington,2,104,2300,0.1,.002,-3.5,-0.9,1997,1999,0.0,0,0.0,0,0.0,0,0.0,0,,0,0.0,0.0,0.0,,,,,,,,none
48,POR,Alvin Williams,9,460,12610,21.7,.082,-0.4,4.9,1997,2006,0.0,0,0.0,0,0.0,0,0.0,0,1.0,0,0.0,0.0,0.0,,,,,,,,none
49,WAS,Predrag Drobnjak,4,278,5542,5.6,.048,-3.0,-1.3,1997,2001,0.0,0,0.0,0,0.0,0,0.0,0,,0,0.0,0.0,4.0,,,,,,,,none
50,ATL,Alain Digbeu,0,,,,,,,1997,1997,0.0,0,0.0,0,0.0,0,0.0,0,,0,0.0,0.0,0.0,,,,,,,,none
51,ATL,Chris Crawford,7,252,3985,6.5,.078,-2.6,-0.6,1997,2004,0.0,0,0.0,0,0.0,0,0.0,0,,0,0.0,0.0,0.0,,,,,,,,none
52,LAL,DeJuan Wheat,2,80,740,0.5,.034,-1.9,0.0,1997,1999,0.0,0,0.0,0,0.0,0,0.0,0,,0,0.0,0.0,0.0,,,,,,,,none
53,VAN,C.J. Bruton,0,,,,,,,1997,1997,0.0,0,0.0,0,0.0,0,0.0,0,,0,0.0,0.0,0.0,,,,,,,,none
54,LAL,Paul Rogers,0,,,,,,,1997,1997,0.0,0,0.0,0,0.0,0,0.0,0,,0,0.0,0.0,0.0,,,,,,,,none
55,SEA,Mark Blount,9,605,13981,18.8,.065,-2.7,-2.5,1997,2006,0.0,0,0.0,0,0.0,0,0.0,0,10.0,0,0.0,0.0,0.0,,,,,,,,none
56,BOS,Ben Pepper,0,,,,,,,1997,1997,0.0,0,0.0,0,0.0,0,0.0,0,,0,0.0,0.0,0.0,,,,,,,,none
57,UTA,Nate Erdmann,0,,,,,,,1997,1997,0.0,0,0.0,0,0.0,0,0.0,0,,0,0.0,0.0,0.0,,,,,,,,none
58,CHI,Roberto Duenas,0,,,,,,,1997,1997,0.0,0,0.0,0,0.0,0,0.0,0,,0,0.0,0.0,0.0,,,,,,,,none
1,LAC,Michael Olowokandi,9,500,13129,2.5,.009,-4.6,-8.5,1998,2007,0.0,0,0.0,0,0.0,0,0.0,0,4.0,0,2.0,0.0,22.0,,,,2002,,,,second
2,VAN,Mike Bibby,14,1001,33962,73.2,.104,0.8,23.8,1998,2012,1.0,0,0.0,0,0.0,0,0.0,0,,0,30.0,0.0,47.0,,,,"2002,2003,2004,2005,2006",,,2002,first
3,DEN,Raef LaFrentz,10,563,14545,39.4,.130,0.7,9.8,1998,2008,0.0,0,0.0,0,0.0,0,0.0,0,,0,4.0,0.0,6.0,,,,2002,,,,none
4,TOR,Antawn Jamison,16,1083,37638,87.8,.112,0.6,24.5,1998,2014,1.0,0,0.0,0,0.0,0,338.0,2004,1.0,0,31.0,0.0,21.0,,,,"2001,2003,2005,2006,2008,2009",,,2008,second
5,GSW,Vince Carter,22,1541,46367,125.3,.130,3.0,57.9,1998,2020,62.0,0,113.0,1999,0.0,0,14.0,0,6.0,0,636.0,4.0,56.0,,2001,2000,"1999,2000,2001,2002,2004,2005,2006,2007,2009",,,"1999,2000,2001,2005",first
6,DAL,Robert Traylor,7,438,6243,13.3,.102,-1.6,0.7,1998,2005,0.0,0,0.0,0,0.0,0,0.0,0,,0,0.0,0.0,8.0,,,,,,,,none
7,SAC,Jason Williams,12,788,23188,38.5,.080,0.2,12.9,1998,2010,0.0,0,3.0,0,0.0,0,0.0,0,41.0,0,6.0,0.0,55.0,,,,"1999,2004",,,,first
8,PHI,Larry Hughes,13,727,22368,32.3,.069,-0.1,10.7,1998,2011,0.0,0,0.0,0,53.0,0,0.0,0,28.0,0,1.0,22.0,17.0,,,,2005,2005,,,none
9,MIL,Dirk Nowitzki,21,1522,51368,206.3,.193,4.5,84.8,1998,2019,2296.0,2007,0.0,0,0.0,0,0.0,0,39.0,0,3399.0,1.0,4.0,"2005,2006,2007,2009","2002,2008,2010","2001,2004,2012","2001,2002,2004,2005,2006,2007,2008,2009,2010,2012,2013,2014,2015,2016",,,"2002,2003,2004,2005,2006,2007,2008,2009,2010,2011,2012,2014",none
10,BOS,Paul Pierce,19,1343,45880,150.0,.157,3.7,65.5,1998,2017,50.0,0,2.0,0,0.0,0,0.0,0,1.0,0,840.0,3.0,56.0,,2009,"2003,2008","2001,2003,2004,2005,2006,2007,2008,2009,2010,2011,2012,2013",,,"2001,2002,2003,2008,2009",first
11,DET,Bonzi Wells,10,591,15133,29.4,.093,0.2,8.3,1998,2008,0.0,0,0.0,0,0.0,0,5.0,0,1.0,0,0.0,0.0,0.0,,,,,,,,none
12,ORL,Michael Doleac,10,587,8789,12.7,.070,-3.7,-3.7,1998,2008,0.0,0,0.0,0,0.0,0,0.0,0,,0,0.0,0.0,30.0,,,,,,,,second
13,ORL,Keon Clark,6,353,7971,18.2,.110,-0.7,2.6,1998,2004,0.0,0,0.0,0,0.0,0,1.0,0,,0,0.0,1.0,0.0,,,,,,,,none
14,HOU,Michael Dickerson,5,212,7490,9.6,.061,-1.3,1.3,1998,2003,0.0,0,0.0,0,0.0,0,0.0,0,3.0,0,0.0,0.0,33.0,,,,,,,,second
15,ORL,Matt Harpring,11,665,17584,41.9,.114,-0.6,6.2,1998,2009,0.0,0,0.0,0,0.0,0,7.0,0,235.0,0,0.0,2.0,35.0,,,,,,,,first
16,HOU,Bryce Drew,6,243,3970,2.4,.030,-3.1,-1.1,1998,2004,0.0,0,0.0,0,0.0,0,0.0,0,,0,0.0,0.0,0.0,,,,,,,,none
17,MIN,Rasho Nesterović,12,811,17983,39.9,.107,-0.9,5.0,1998,2010,0.0,0,0.0,0,0.0,0,0.0,0,1.0,0,0.0,0.0,0.0,,,,,,,,none
18,HOU,Mirsad Türkcan,1,17,90,0.0,-.019,-6.3,-0.1,1998,1999,0.0,0,0.0,0,0.0,0,0.0,0,,0,0.0,0.0,0.0,,,,,,,,none
19,MIL,Pat Garrity,10,552,11062,18.7,.081,-1.8,0.5,1998,2008,0.0,0,0.0,0,0.0,0,0.0,0,,0,0.0,0.0,4.0,,,,,,,,none
20,ATL,Roshown McLeod,3,113,2130,0.2,.004,-4.4,-1.3,1998,2001,0.0,0,0.0,0,0.0,0,0.0,0,,0,0.0,0.0,0.0,,,,,,,,none
21,CHH,Ricky Davis,12,736,21927,28.0,.061,-0.8,6.3,1998,2010,0.0,0,0.0,0,0.0,0,260.0,0,45.0,0,0.0,0.0,0.0,,,,,,,,none
22,LAC,Brian Skinner,14,608,10910,15.8,.070,-2.5,-1.5,1998,2012,0.0,0,0.0,0,0.0,0,0.0,0,,0,0.0,0.0,0.0,,,,,,,,none
23,DEN,Tyronn Lue,11,554,12564,19.7,.075,-1.8,0.6,1998,2009,0.0,0,0.0,0,0.0,0,0.0,0,,0,0.0,0.0,0.0,,,,,,,,none
24,SAS,Felipe López,4,249,4145,3.1,.036,-2.5,-0.5,1998,2002,0.0,0,0.0,0,0.0,0,0.0,0,,0,0.0,0.0,0.0,,,,,,,,none
25,IND,Al Harrington,16,981,28009,42.5,.073,-1.5,3.7,1998,2014,0.0,0,0.0,0,0.0,0,325.0,0,,0,0.0,0.0,0.0,,,,,,,,none
26,LAL,Sam Jacobson,3,68,752,1.1,.071,-3.9,-0.4,1998,2001,0.0,0,0.0,0,0.0,0,0.0,0,,0,0.0,0.0,0.0,,,,,,,,none
27,SEA,Vladimir Stepania,6,270,3726,5.2,.067,-3.3,-1.2,1998,2004,0.0,0,0.0,0,0.0,0,0.0,0,,0,0.0,0.0,0.0,,,,,,,,none
28,CHI,Corey Benjamin,4,153,2191,-0.9,-.019,-4.8,-1.6,1998,2002,0.0,0,0.0,0,0.0,0,0.0,0,,0,0.0,0.0,0.0,,,,,,,,none
29,UTA,Nazr Mohammed,18,1005,15891,34.3,.104,-2.6,-2.2,1998,2016,0.0,0,0.0,0,0.0,0,0.0,0,,0,0.0,0.0,0.0,,,,,,,,none
30,DAL,Ansu Sesay,4,127,1301,1.4,.051,-3.3,-0.4,1998,2002,0.0,0,0.0,0,0.0,0,0.0,0,,0,0.0,0.0,0.0,,,,,,,,none
31,LAL,Ruben Patterson,10,649,15955,35.1,.106,0.7,10.8,1998,2008,0.0,0,0.0,0,0.0,0,4.0,0,4.0,0,0.0,6.0,0.0,,,,,,,,none
32,SEA,Rashard Lewis,16,1049,33541,90.9,.130,1.9,33.1,1998,2014,0.0,0,0.0,0,0.0,0,0.0,0,2.0,0,16.0,0.0,0.0,,,,"2001,2002,2005",,,,none
33,SEA,Jelani McCoy,8,260,3824,5.1,.064,-2.9,-0.9,1998,2006,0.0,0,0.0,0,0.0,0,0.0,0,,0,0.0,0.0,0.0,,,,,,,,none
34,CHI,Shammond Williams,7,325,5351,8.8,.079,-0.7,1.7,1998,2005,0.0,0,0.0,0,0.0,0,0.0,0,,0,0.0,0.0,0.0,,,,,,,,none
35,DAL,Bruno Šundov,7,102,524,-0.7,-.062,-8.9,-0.9,1998,2005,0.0,0,0.0,0,0.0,0,0.0,0,,0,0.0,0.0,0.0,,,,,,,,none
36,SAC,Jerome James,9,358,4771,2.9,.029,-4.9,-3.5,1998,2007,0.0,0,0.0,0,0.0,0,0.0,0,,0,0.0,0.0,0.0,,,,,,,,none
37,PHI,Casey Shaw,1,9,14,-0.1,-.498,-29.8,-0.1,1998,1999,0.0,0,0.0,0,0.0,0,0.0,0,,0,0.0,0.0,0.0,,,,,,,,none
38,NYK,DeMarco Johnson,1,5,37,-0.1,-.091,-10.3,-0.1,1998,1999,0.0,0,0.0,0,0.0,0,0.0,0,,0,0.0,0.0,0.0,,,,,,,,none
39,MIL,Rafer Alston,11,671,19392,32.9,.081,0.0,9.6,1998,2009,0.0,0,0.0,0,0.0,0,14.0,0,22.0,0,0.0,0.0,0.0,,,,,,,,none
40,DET,Korleone Young,1,3,15,0.1,.280,9.4,0.0,1998,1999,0.0,0,0.0,0,0.0,0,0.0,0,,0,0.0,0.0,0.0,,,,,,,,none
41,HOU,Cuttino Mobley,11,747,27618,52.2,.091,-0.1,12.9,1998,2009,0.0,0,0.0,0,0.0,0,7.0,0,,0,1.0,0.0,26.0,,,,2002,,,,second
42,ORL,Miles Simon,1,5,19,-0.1,-.289,-17.4,-0.1,1998,1999,0.0,0,0.0,0,0.0,0,0.0,0,,0,0.0,0.0,0.0,,,,,,,,none
43,WAS,Jahidi White,7,334,5913,10.4,.085,-3.2,-1.8,1998,2005,0.0,0,0.0,0,0.0,0,0.0,0,,0,0.0,0.0,0.0,,,,,,,,none
44,NYK,Sean Marks,11,230,2275,2.6,.055,-5.0,-1.7,1998,2009,0.0,0,0.0,0,0.0,0,0.0,0,,0,0.0,0.0,0.0,,,,,,,,none
45,LAL,Toby Bailey,2,73,698,1.0,.072,-3.5,-0.3,1998,2000,0.0,0,0.0,0,0.0,0,0.0,0,,0,0.0,0.0,0.0,,,,,,,,none
46,MIN,Andrae Patterson,2,40,304,0.7,.114,-1.9,0.0,1998,2000,0.0,0,0.0,0,0.0,0,0.0,0,,0,0.0,0.0,0.0,,,,,,,,none
47,TOR,Tyson Wheeler,1,1,3,0.1,1.367,51.1,0.0,1998,1999,0.0,0,0.0,0,0.0,0,0.0,0,,0,0.0,0.0,0.0,,,,,,,,none
48,CLE,Ryan Stack,2,43,397,0.2,.028,-6.7,-0.5,1998,2000,0.0,0,0.0,0,0.0,0,0.0,0,,0,0.0,0.0,0.0,,,,,,,,none
49,ATL,Cory Carr,1,42,624,-1.2,-.089,-8.2,-1.0,1998,1999,0.0,0,0.0,0,0.0,0,0.0,0,,0,0.0,0.0,0.0,,,,,,,,none
50,CHH,Andrew Betts,0,,,,,,,1998,1998,0.0,0,0.0,0,0.0,0,0.0,0,,0,0.0,0.0,0.0,,,,,,,,none
51,MIA,Corey Brewer,0,,,,,,,1998,1998,0.0,0,0.0,0,0.0,0,16.0,0,19.0,0,0.0,3.0,3.0,,,,,,,,none
52,SAS,Derrick Dial,4,82,687,0.6,.045,-2.2,0.0,1998,2002,0.0,0,0.0,0,0.0,0,0.0,0,,0,0.0,0.0,0.0,,,,,,,,none
53,DAL,Greg Buckner,10,570,10895,20.9,.092,-0.9,3.0,1998,2008,0.0,0,0.0,0,0.0,0,0.0,0,,0,0.0,1.0,0.0,,,,,,,,none
54,DEN,Tremaine Fowlkes,4,103,1233,2.1,.080,-2.0,0.0,1998,2002,0.0,0,0.0,0,0.0,0,0.0,0,,0,0.0,0.0,0.0,,,,,,,,none
55,DEN,Ryan Bowen,10,507,6502,12.4,.092,-0.8,2.0,1998,2008,0.0,0,0.0,0,0.0,0,0.0,0,,0,0.0,0.0,0.0,,,,,,,,none
56,VAN,J.R. Henderson,1,30,331,-0.2,-.025,-4.8,-0.2,1998,1999,0.0,0,0.0,0,0.0,0,0.0,0,,0,0.0,0.0,0.0,,,,,,,,none
57,UTA,Torraye Braggs,2,22,178,0.3,.071,-4.9,-0.1,1998,2000,0.0,0,0.0,0,0.0,0,0.0,0,,0,0.0,0.0,0.0,,,,,,,,none
58,CHI,Maceo Baston,4,105,831,2.3,.134,-1.2,0.2,1998,2002,0.0,0,0.0,0,0.0,0,0.0,0,,0,0.0,0.0,0.0,,,,,,,,none
1,CHI,Elton Brand,17,1058,34910,109.6,.151,2.2,37.3,1999,2016,51.0,0,58.0,2000,3.0,0,0.0,0,11.0,0,359.0,4.0,56.0,,2006,,"2002,2003,2004,2005,2006,2007",,,"2002,2006",first
2,VAN,Steve Francis,9,576,21632,54.1,.120,2.2,22.7,1999,2008,0.0,0,58.0,0,0.0,0,0.0,0,,0,53.0,3.0,56.0,,,,"2001,2002,2003,2004",,,,first
3,CHH,Baron Davis,13,835,28592,63.1,.106,2.6,33.1,1999,2012,5.0,0,0.0,0,0.0,0,0.0,0,4.0,0,238.0,7.0,9.0,,,2004,"2002,2004,2007,2008",,,"2004,2007",none
4,LAC,Lamar Odom,14,961,32131,77.0,.115,1.9,31.4,1999,2013,0.0,0,3.0,0,0.0,0,616.0,2011,31.0,0,20.0,4.0,55.0,,,,2004,,,,first
5,TOR,Jonathan Bender,8,262,3847,3.8,.047,-2.6,-0.6,1999,2007,0.0,0,0.0,0,0.0,0,0.0,0,,0,0.0,0.0,0.0,,,,,,,,none
6,MIN,Wally Szczerbiak,10,651,20052,53.3,.127,0.7,13.6,1999,2009,0.0,0,0.0,0,0.0,0,22.0,0,5.0,0,2.0,0.0,51.0,,,,"2002,2003",,,,first
7,WAS,Richard Hamilton,14,921,29559,62.8,.102,-0.2,13.2,1999,2013,0.0,0,0.0,0,3.0,0,0.0,0,1.0,0,21.0,4.0,8.0,,,,"2004,2005,2006,2007,2008",,,,none
8,CLE,Andre Miller,17,1304,40268,100.8,.120,1.3,33.4,1999,2016,0.0,0,2.0,0,0.0,0,8.0,0,3.0,0,40.0,10.0,49.0,,,,"2002,2008,2009",,,,first
9,PHO,Shawn Marion,16,1163,40097,124.9,.150,2.7,47.6,1999,2015,2.0,0,0.0,0,212.0,0,0.0,0,11.0,0,213.0,58.0,34.0,,,2005,"2001,2002,2003,2004,2005,2007",,,"2005,2006",second
10,ATL,Jason Terry,19,1410,42034,102.0,.116,1.5,37.4,1999,2018,0.0,0,0.0,0,0.0,0,1165.0,2009,8.0,0,2.0,1.0,15.0,,,,2007,,,,second
11,CLE,Trajan Langdon,3,119,1738,2.9,.079,-1.1,0.4,1999,2002,0.0,0,0.0,0,0.0,0,0.0,0,,0,0.0,0.0,0.0,,,,,,,,none
12,TOR,Aleksandar Radojević,2,15,152,-0.4,-.130,-11.6,-0.4,1999,2001,0.0,0,0.0,0,0.0,0,0.0,0,,0,0.0,0.0,0.0,,,,,,,,none
13,SEA,Corey Maggette,14,827,23358,62.2,.128,0.3,13.3,1999,2013,0.0,0,0.0,0,0.0,0,12.0,0,15.0,0,2.0,0.0,4.0,,,,"2004,2005",,,,none
14,MIN,William Avery,3,142,1205,-0.9,-.034,-5.6,-1.1,1999,2002,0.0,0,0.0,0,0.0,0,0.0,0,,0,0.0,0.0,0.0,,,,,,,,none
15,NYK,Frédéric Weis,0,,,,,,,1999,1999,0.0,0,0.0,0,0.0,0,0.0,0,,0,0.0,0.0,0.0,,,,,,,,none
16,CHI,Metta World Peace,17,991,31440,61.1,.093,1.2,25.4,1999,2016,0.0,0,0.0,0,773.0,2004,0.0,0,14.0,0,90.0,180.0,28.0,,,2004,2004,"2004,2006","2003,2009",,second
17,ATL,Cal Bowdler,3,142,1383,1.8,.061,-3.2,-0.4,1999,2002,0.0,0,0.0,0,0.0,0,0.0,0,,0,0.0,0.0,0.0,,,,,,,,none
18,DEN,James Posey,12,864,23260,51.6,.107,0.3,13.7,1999,2011,0.0,0,0.0,0,2.0,0,21.0,0,137.0,0,0.0,15.0,23.0,,,,,,,,second
19,UTA,Quincy Lewis,4,159,1853,0.8,.020,-4.9,-1.4,1999,2003,0.0,0,0.0,0,0.0,0,0.0,0,,0,0.0,0.0,0.0,,,,,,,,none
20,ATL,Dion Glover,6,294,6132,5.8,.045,-1.8,0.3,1999,2005,0.0,0,0.0,0,0.0,0,0.0,0,1.0,0,0.0,0.0,0.0,,,,,,,,none
21,GSW,Jeff Foster,13,764,15750,47.5,.145,-0.4,6.3,1999,2012,0.0,0,0.0,0,0.0,0,0.0,0,,0,0.0,1.0,0.0,,,,,,,,none
22,HOU,Kenny Thomas,11,632,17306,31.2,.086,-1.3,3.1,1999,2010,0.0,0,0.0,0,0.0,0,0.0,0,3.0,0,0.0,0.0,12.0,,,,,,,,none
23,LAL,Devean George,11,630,11682,18.2,.075,-1.5,1.4,1999,2010,0.0,0,0.0,0,0.0,0,0.0,0,,0,0.0,0.0,0.0,,,,,,,,none
24,UTA,Andrei Kirilenko,13,797,23916,75.4,.151,4.9,41.7,1999,2012,2.0,0,2.0,0,225.0,0,134.0,0,106.0,0,49.0,121.0,45.0,,,,"2004,2006",2006,"2004,2005",2004,first
25,MIA,Tim James,3,43,261,0.0,-.003,-7.0,-0.3,1999,2002,0.0,0,0.0,0,0.0,0,0.0,0,,0,0.0,0.0,0.0,,,,,,,,none
26,IND,Vonteego Cummings,3,199,3789,2.2,.028,-2.4,-0.3,1999,2002,0.0,0,0.0,0,0.0,0,0.0,0,,0,0.0,0.0,6.0,,,,,,,,none
27,ATL,Jumaine Jones,8,471,9780,15.1,.074,-1.2,2.1,1999,2007,0.0,0,0.0,0,0.0,0,0.0,0,,0,0.0,0.0,0.0,,,,,,,,none
28,UTA,Scott Padgett,8,448,5613,13.2,.113,-0.4,2.3,1999,2007,0.0,0,0.0,0,0.0,0,0.0,0,,0,0.0,0.0,0.0,,,,,,,,none
29,SAS,Leon Smith,2,15,104,0.2,.112,-2.9,0.0,1999,2001,0.0,0,0.0,0,0.0,0,0.0,0,,0,0.0,0.0,0.0,,,,,,,,none
30,LAL,John Celestand,1,16,185,-0.1,-.038,-7.6,-0.3,1999,2000,0.0,0,0.0,0,0.0,0,0.0,0,,0,0.0,0.0,0.0,,,,,,,,none
31,LAC,Rico Hill,0,,,,,,,1999,1999,0.0,0,0.0,0,0.0,0,0.0,0,,0,0.0,0.0,0.0,,,,,,,,none
32,CHI,Michael Ruffin,9,414,5966,6.8,.055,-3.3,-2.0,1999,2008,0.0,0,0.0,0,0.0,0,0.0,0,,0,0.0,0.0,0.0,,,,,,,,none
33,DEN,Chris Herren,2,70,1005,0.5,.025,-4.5,-0.6,1999,2001,0.0,0,0.0,0,0.0,0,0.0,0,,0,0.0,0.0,0.0,,,,,,,,none
34,NJN,Evan Eschmeyer,4,153,2138,4.0,.090,-3.0,-0.5,1999,2003,0.0,0,0.0,0,0.0,0,0.0,0,,0,0.0,0.0,0.0,,,,,,,,none
35,WAS,Calvin Booth,10,366,4477,8.0,.086,-1.8,0.3,1999,2009,0.0,0,0.0,0,0.0,0,0.0,0,,0,0.0,0.0,0.0,,,,,,,,none
36,DAL,Wang Zhizhi,5,137,1256,2.1,.078,-1.6,0.1,1999,2004,0.0,0,0.0,0,0.0,0,0.0,0,,0,0.0,0.0,0.0,,,,,,,,none
37,VAN,Obinna Ekezie,4,143,1516,1.7,.054,-5.4,-1.3,1999,2003,0.0,0,0.0,0,0.0,0,0.0,0,,0,0.0,0.0,0.0,,,,,,,,none
38,ORL,Laron Profit,4,135,1537,0.7,.021,-2.1,0.0,1999,2003,0.0,0,0.0,0,0.0,0,0.0,0,,0,0.0,0.0,0.0,,,,,,,,none
39,CLE,A.J. Bramlett,1,8,61,-0.2,-.129,-15.9,-0.2,1999,2000,0.0,0,0.0,0,0.0,0,0.0,0,,0,0.0,0.0,0.0,,,,,,,,none
40,DAL,Gordan Giriček,6,384,8824,8.0,.044,-2.5,-1.1,1999,2005,0.0,0,0.0,0,0.0,0,0.0,0,,0,0.0,0.0,0.0,,,,,,,,none
41,DEN,Francisco Elson,9,472,7207,11.7,.078,-2.7,-1.3,1999,2008,0.0,0,0.0,0,0.0,0,0.0,0,,0,0.0,1.0,0.0,,,,,,,,none
42,MIN,Louis Bullock,0,,,,,,,1999,1999,0.0,0,0.0,0,0.0,0,0.0,0,,0,0.0,0.0,0.0,,,,,,,,none
43,CHH,Lee Nailon,6,306,5820,8.0,.066,-2.0,0.0,1999,2005,0.0,0,0.0,0,0.0,0,0.0,0,1.0,0,0.0,0.0,0.0,,,,,,,,none
44,HOU,Tyrone Washington,0,,,,,,,1999,1999,0.0,0,0.0,0,0.0,0,0.0,0,,0,0.0,0.0,0.0,,,,,,,,none
45,SAC,Ryan Robertson,1,1,25,0.0,-.022,-5.4,0.0,1999,2000,0.0,0,0.0,0,0.0,0,0.0,0,,0,0.0,0.0,0.0,,,,,,,,none
46,NYK,J.R. Koch,0,,,,,,,1999,1999,0.0,0,0.0,0,0.0,0,0.0,0,,0,0.0,0.0,0.0,,,,,,,,none
47,PHI,Todd MacCulloch,4,223,3439,11.9,.166,0.3,2.0,1999,2003,0.0,0,0.0,0,0.0,0,0.0,0,1.0,0,0.0,0.0,1.0,,,,,,,,none
48,MIL,Galen Young,0,,,,,,,1999,1999,0.0,0,0.0,0,0.0,0,0.0,0,,0,0.0,0.0,0.0,,,,,,,,none
49,CHI,Lari Ketner,2,25,139,0.0,-.015,-7.4,-0.2,1999,2001,0.0,0,0.0,0,0.0,0,0.0,0,,0,0.0,0.0,0.0,,,,,,,,none
50,HOU,Venson Hamilton,0,,,,,,,1999,1999,0.0,0,0.0,0,0.0,0,0.0,0,,0,0.0,0.0,0.0,,,,,,,,none
51,VAN,Antwain Smith,0,,,,,,,1999,1999,0.0,0,0.0,0,0.0,0,0.0,0,,0,0.0,0.0,0.0,,,,,,,,none
52,POR,Roberto Bergersen,0,,,,,,,1999,1999,0.0,0,0.0,0,0.0,0,0.0,0,,0,0.0,0.0,0.0,,,,,,,,none
53,MIA,Rodney Buford,5,230,4182,2.9,.033,-3.8,-1.9,1999,2004,0.0,0,0.0,0,0.0,0,0.0,0,,0,0.0,0.0,0.0,,,,,,,,none
54,DET,Melvin Levett,0,,,,,,,1999,1999,0.0,0,0.0,0,0.0,0,0.0,0,,0,0.0,0.0,0.0,,,,,,,,none
55,BOS,Kris Clack,0,,,,,,,1999,1999,0.0,0,0.0,0,0.0,0,0.0,0,,0,0.0,0.0,0.0,,,,,,,,none
56,GSW,Tim Young,1,25,137,0.2,.058,-4.9,-0.1,1999,2000,0.0,0,0.0,0,0.0,0,0.0,0,,0,0.0,0.0,0.0,,,,,,,,none
57,SAS,Manu Ginóbili,16,1057,26859,106.4,.190,5.0,47.6,1999,2015,32.0,0,5.0,0,2.0,0,1402.0,2008,3.0,0,262.0,27.0,0.0,,,"2008,2011","2004,2005,2007,2008,2010,2011,2012",,,"2008,2010,2011",none
58,UTA,Eddie Lucas,0,,,,,,,1999,1999,0.0,0,0.0,0,0.0,0,0.0,0,,0,0.0,0.0,0.0,,,,,,,,none
1,NJN,Kenyon Martin,15,757,23134,48.0,.100,0.1,12.1,2000,2015,0.0,0,36.0,0,9.0,0,0.0,0,3.0,0,2.0,26.0,54.0,,,,"2004,2005",,,,first
2,VAN,Stromile Swift,9,547,10804,21.3,.095,-1.6,1.1,2000,2009,0.0,0,0.0,0,0.0,0,0.0,0,1.0,0,0.0,0.0,6.0,,,,,,,,none
3,LAC,Darius Miles,7,446,11730,9.5,.039,-1.0,3.0,2000,2007,0.0,0,3.0,0,0.0,0,0.0,0,,0,0.0,1.0,48.0,,,,,,,,first
4,CHI,Marcus Fizer,6,289,6032,2.7,.022,-3.7,-2.6,2000,2006,0.0,0,0.0,0,0.0,0,0.0,0,,0,0.0,0.0,16.0,,,,,,,,second
5,ORL,Mike Miller,17,1032,27812,60.7,.105,0.8,19.8,2000,2017,0.0,0,75.0,2001,0.0,0,501.0,2006,,0,0.0,0.0,56.0,,,,,,,,first
6,ATL,DerMarr Johnson,7,344,5930,6.4,.052,-1.6,0.6,2000,2007,0.0,0,0.0,0,0.0,0,0.0,0,,0,0.0,0.0,1.0,,,,,,,,none
7,CHI,Chris Mihm,8,436,8758,13.3,.073,-3.9,-4.3,2000,2008,0.0,0,0.0,0,0.0,0,0.0,0,,0,0.0,0.0,13.0,,,,,,,,second
8,CLE,Jamal Crawford,20,1327,38994,60.7,.075,-0.1,18.4,2000,2020,0.0,0,0.0,0,0.0,0,1903.0,2010,,0,0.0,0.0,1.0,,,,,,,,none
9,HOU,Joel Przybilla,13,592,11733,23.0,.094,-1.7,0.8,2000,2013,0.0,0,0.0,0,7.0,0,0.0,0,28.0,0,0.0,10.0,0.0,,,,,,,,none
10,ORL,Keyon Dooling,13,728,14134,18.5,.063,-2.0,-0.2,2000,2013,0.0,0,0.0,0,0.0,0,0.0,0,,0,0.0,0.0,9.0,,,,,,,,none
11,BOS,Jérôme Moïso,5,145,1392,2.1,.074,-2.9,-0.3,2000,2005,0.0,0,0.0,0,0.0,0,0.0,0,,0,0.0,0.0,0.0,,,,,,,,none
12,DAL,Etan Thomas,9,409,7084,14.9,.101,-2.1,-0.2,2000,2009,0.0,0,0.0,0,0.0,0,0.0,0,,0,0.0,0.0,0.0,,,,,,,,none
13,ORL,Courtney Alexander,3,187,4067,4.1,.048,-3.7,-1.7,2000,2003,0.0,0,0.0,0,0.0,0,0.0,0,,0,0.0,0.0,0.0,,,,,,,,none
14,DET,Mateen Cleaves,6,167,1863,-0.8,-.021,-5.6,-1.7,2000,2006,0.0,0,0.0,0,0.0,0,0.0,0,,0,0.0,0.0,11.0,,,,,,,,none
15,MIL,Jason Collier,5,151,2178,1.9,.042,-5.4,-1.9,2000,2005,0.0,0,0.0,0,0.0,0,0.0,0,,0,0.0,0.0,0.0,,,,,,,,none
16,SAC,Hedo Türkoğlu,15,997,26695,63.3,.114,0.9,19.6,2000,2015,0.0,0,0.0,0,1.0,0,3.0,0,382.0,2008,4.0,0.0,34.0,,,,"2008,2009",,,,second
17,SEA,Desmond Mason,10,643,19641,23.1,.056,-2.4,-2.1,2000,2010,0.0,0,0.0,0,0.0,0,48.0,0,3.0,0,0.0,3.0,28.0,,,,,,,,second
18,LAC,Quentin Richardson,13,783,20785,32.8,.076,-0.4,8.5,2000,2013,0.0,0,0.0,0,0.0,0,20.0,0,8.0,0,0.0,0.0,11.0,,,,,,,,none
19,CHH,Jamaal Magloire,12,680,14621,27.7,.091,-2.9,-3.1,2000,2012,0.0,0,0.0,0,0.0,0,0.0,0,26.0,0,10.0,1.0,0.0,,,,"2003,2004",,,,none
20,PHI,Speedy Claxton,7,334,8548,14.2,.080,-0.3,3.6,2000,2007,0.0,0,0.0,0,0.0,0,205.0,0,,0,0.0,0.0,4.0,,,,,,,,none
21,TOR,Morris Peterson,11,711,19366,35.7,.089,-0.4,7.6,2000,2011,0.0,0,3.0,0,0.0,0,0.0,0,,0,0.0,0.0,50.0,,,,,,,,first
22,NYK,Donnell Harvey,5,205,3318,4.7,.069,-2.6,-0.5,2000,2005,0.0,0,0.0,0,0.0,0,0.0,0,,0,0.0,0.0,0.0,,,,,,,,none
23,UTA,DeShawn Stevenson,13,824,18396,12.1,.032,-2.7,-3.5,2000,2013,0.0,0,0.0,0,0.0,0,0.0,0,,0,0.0,0.0,0.0,,,,,,,,none
24,CHI,Dalibor Bagarić,3,95,973,-0.9,-.043,-7.9,-1.5,2000,2003,0.0,0,0.0,0,0.0,0,0.0,0,,0,0.0,0.0,0.0,,,,,,,,none
25,PHO,Jake Tsakalidis,7,315,5005,9.9,.095,-3.1,-1.4,2000,2007,0.0,0,0.0,0,0.0,0,0.0,0,,0,0.0,0.0,8.0,,,,,,,,none
26,DEN,Mamadou N'Diaye,5,69,858,1.8,.101,-4.2,-0.5,2000,2005,0.0,0,0.0,0,0.0,0,0.0,0,,0,0.0,0.0,0.0,,,,,,,,none
27,IND,Primož Brezec,8,342,6192,10.8,.084,-3.1,-1.7,2000,2008,0.0,0,0.0,0,0.0,0,0.0,0,75.0,0,0.0,0.0,0.0,,,,,,,,none
28,POR,Erick Barkley,2,27,266,0.2,.027,-3.7,-0.1,2000,2002,0.0,0,0.0,0,0.0,0,0.0,0,,0,0.0,0.0,0.0,,,,,,,,none
29,LAL,Mark Madsen,9,453,5335,8.2,.074,-4.1,-2.9,2000,2009,0.0,0,0.0,0,0.0,0,0.0,0,,0,0.0,0.0,2.0,,,,,,,,none
30,LAC,Marko Jarić,7,447,11246,12.1,.052,-0.7,3.8,2000,2007,0.0,0,0.0,0,0.0,0,0.0,0,,0,0.0,0.0,6.0,,,,,,,,none
31,DAL,Dan Langhi,4,133,1253,0.3,.012,-4.6,-0.8,2000,2004,0.0,0,0.0,0,0.0,0,0.0,0,,0,0.0,0.0,0.0,,,,,,,,none
32,CHI,A.J. Guyton,3,80,1246,0.3,.010,-2.9,-0.3,2000,2003,0.0,0,0.0,0,0.0,0,0.0,0,,0,0.0,0.0,0.0,,,,,,,,none
33,CHI,Jake Voskuhl,9,450,6443,11.6,.087,-3.8,-3.0,2000,2009,0.0,0,0.0,0,0.0,0,0.0,0,,0,0.0,0.0,0.0,,,,,,,,none
34,CHI,Khalid El-Amin,1,50,936,0.6,.030,-2.4,-0.1,2000,2001,0.0,0,0.0,0,0.0,0,0.0,0,,0,0.0,0.0,0.0,,,,,,,,none
35,WAS,Mike Smith,1,17,180,-0.1,-.033,-4.2,-0.1,2000,2001,0.0,0,0.0,0,0.0,0,0.0,0,,0,0.0,0.0,0.0,,,,,,,,none
36,NJN,Soumaila Samake,2,47,303,0.3,.046,-3.7,-0.1,2000,2002,0.0,0,0.0,0,0.0,0,0.0,0,,0,0.0,0.0,0.0,,,,,,,,none
37,MIA,Eddie House,11,717,12405,20.0,.077,0.0,6.1,2000,2011,0.0,0,0.0,0,0.0,0,10.0,0,,0,0.0,0.0,2.0,,,,,,,,none
38,HOU,Eduardo Nájera,12,619,11213,24.7,.106,-0.9,3.0,2000,2012,0.0,0,0.0,0,0.0,0,0.0,0,,0,0.0,0.0,0.0,,,,,,,,none
39,NYK,Lavor Postell,3,61,446,-0.2,-.025,-5.0,-0.3,2000,2003,0.0,0,0.0,0,0.0,0,0.0,0,,0,0.0,0.0,0.0,,,,,,,,none
40,ATL,Hanno Möttölä,2,155,2360,0.9,.019,-5.9,-2.3,2000,2002,0.0,0,0.0,0,0.0,0,0.0,0,,0,0.0,0.0,0.0,,,,,,,,none
41,SAS,Chris Carrawell,0,,,,,,,2000,2000,0.0,0,0.0,0,0.0,0,0.0,0,,0,0.0,0.0,0.0,,,,,,,,none
42,SEA,Olumide Oyedeji,3,93,587,1.2,.095,-4.3,-0.3,2000,2003,0.0,0,0.0,0,0.0,0,0.0,0,,0,0.0,0.0,0.0,,,,,,,,none
43,MIL,Michael Redd,12,629,20104,55.9,.134,2.2,21.4,2000,2012,1.0,0,0.0,0,0.0,0,257.0,0,107.0,0,108.0,0.0,0.0,,,2004,"2004,2005,2006,2007,2008",,,2004,none
44,DET,Brian Cardinal,12,456,6477,15.4,.114,-0.1,3.2,2000,2012,0.0,0,0.0,0,0.0,0,0.0,0,18.0,0,0.0,0.0,0.0,,,,,,,,none
45,SAC,Jabari Smith,4,108,1063,1.3,.058,-4.3,-0.6,2000,2004,0.0,0,0.0,0,0.0,0,0.0,0,,0,0.0,0.0,0.0,,,,,,,,none
46,TOR,DeeAndre Hulett,0,,,,,,,2000,2000,0.0,0,0.0,0,0.0,0,0.0,0,,0,0.0,0.0,0.0,,,,,,,,none
47,SEA,Josip Sesar,0,,,,,,,2000,2000,0.0,0,0.0,0,0.0,0,0.0,0,,0,0.0,0.0,0.0,,,,,,,,none
48,PHI,Mark Karcher,0,,,,,,,2000,2000,0.0,0,0.0,0,0.0,0,0.0,0,,0,0.0,0.0,0.0,,,,,,,,none
49,MIL,Jason Hart,9,341,5289,8.6,.078,-1.2,1.0,2000,2009,0.0,0,0.0,0,0.0,0,0.0,0,,0,0.0,0.0,0.0,,,,,,,,none
50,UTA,Kaniel Dickens,3,19,85,0.1,.055,-3.0,0.0,2000,2003,0.0,0,0.0,0,0.0,0,0.0,0,,0,0.0,0.0,0.0,,,,,,,,none
51,MIN,Igor Rakočević,1,42,244,0.1,.022,-4.9,-0.2,2000,2001,0.0,0,0.0,0,0.0,0,0.0,0,,0,0.0,0.0,0.0,,,,,,,,none
52,MIA,Ernest Brown,1,3,21,-0.2,-.349,-18.2,-0.1,2000,2001,0.0,0,0.0,0,0.0,0,0.0,0,,0,0.0,0.0,0.0,,,,,,,,none
53,DEN,Dan McClintock,1,6,58,0.0,.007,-7.9,-0.1,2000,2001,0.0,0,0.0,0,0.0,0,0.0,0,,0,0.0,0.0,0.0,,,,,,,,none
54,SAS,Cory Hightower,0,,,,,,,2000,2000,0.0,0,0.0,0,0.0,0,0.0,0,,0,0.0,0.0,0.0,,,,,,,,none
55,GSW,Chris Porter,1,51,1147,0.2,.008,-4.5,-0.7,2000,2001,0.0,0,0.0,0,0.0,0,0.0,0,,0,0.0,0.0,2.0,,,,,,,,none
56,IND,Jaquay Walls,0,,,,,,,2000,2000,0.0,0,0.0,0,0.0,0,0.0,0,,0,0.0,0.0,0.0,,,,,,,,none
57,ATL,Scoonie Penn,0,,,,,,,2000,2000,0.0,0,0.0,0,0.0,0,0.0,0,,0,0.0,0.0,0.0,,,,,,,,none
58,DAL,Pete Mickeal,0,,,,,,,2000,2000,0.0,0,0.0,0,0.0,0,0.0,0,,0,0.0,0.0,0.0,,,,,,,,none
1,WAS,Kwame Brown,12,607,13389,20.8,.074,-2.4,-1.3,2001,2013,0.0,0,0.0,0,0.0,0,0.0,0,,0,0.0,0.0,2.0,,,,,,,,none
2,LAC,Tyson Chandler,19,1160,31617,102.1,.155,0.1,16.9,2001,2020,0.0,0,0.0,0,419.0,2012,3.0,0,84.0,0,106.0,96.0,6.0,,,2012,"2007,2008,2011,2012,2013,2015",2013,"2011,2012",,none
3,ATL,Pau Gasol,18,1226,41001,144.1,.169,3.6,57.5,2001,2019,0.0,0,117.0,2002,0.0,0,0.0,0,7.0,0,717.0,6.0,56.0,,"2011,2015",2010,"2002,2003,2004,2006,2007,2008,2010,2011,2012,2013,2015,2016",,,,first
4,CHI,Eddy Curry,11,527,13109,21.7,.080,-2.4,-1.3,2001,2012,0.0,0,0.0,0,0.0,0,0.0,0,8.0,0,2.0,0.0,2.0,,,,2007,,,,none
5,GSW,Jason Richardson,13,857,29241,59.1,.097,1.2,23.8,2001,2014,0.0,0,2.0,0,0.0,0,0.0,0,3.0,0,0.0,0.0,53.0,,,,,,,,first
6,MEM,Shane Battier,13,977,30004,75.7,.121,1.7,28.2,2001,2014,0.0,0,0.0,0,341.0,0,12.0,0,,0,0.0,89.0,54.0,,,,,,"2008,2009",,first
7,NJN,Eddie Griffin,5,303,6729,10.9,.078,-0.4,2.8,2001,2006,0.0,0,0.0,0,0.0,0,0.0,0,,0,0.0,0.0,21.0,,,,,,,,second
8,CLE,DeSagana Diop,12,601,8403,12.8,.073,-1.9,0.2,2001,2013,0.0,0,0.0,0,0.0,0,0.0,0,8.0,0,0.0,0.0,0.0,,,,,,,,none
9,DET,Rodney White,4,218,3354,1.8,.026,-2.2,-0.1,2001,2005,0.0,0,0.0,0,0.0,0,0.0,0,,0,0.0,0.0,0.0,,,,,,,,none
10,BOS,Joe Johnson,18,1277,44236,82.9,.090,0.4,26.5,2001,2019,2.0,0,0.0,0,0.0,0,1.0,0,26.0,0,187.0,12.0,0.0,,,2010,"2006,2007,2008,2009,2010,2012,2014",,,"2010,2012",none
11,BOS,Kedrick Brown,4,143,1935,3.0,.074,-1.1,0.4,2001,2005,0.0,0,0.0,0,0.0,0,0.0,0,,0,0.0,0.0,0.0,,,,,,,,none
12,SEA,Vladimir Radmanović,12,737,16164,26.5,.079,-0.1,7.6,2001,2013,0.0,0,0.0,0,0.0,0,42.0,0,,0,0.0,0.0,11.0,,,,,,,,second
13,HOU,Richard Jefferson,17,1181,34293,83.0,.116,0.2,19.4,2001,2018,0.0,0,3.0,0,0.0,0,0.0,0,27.0,0,0.0,3.0,35.0,,,,,,,,second
14,GSW,Troy Murphy,12,729,19921,50.3,.121,0.1,10.6,2001,2013,0.0,0,0.0,0,0.0,0,0.0,0,144.0,0,0.0,0.0,1.0,,,,,,,,none
15,ORL,Steven Hunter,8,400,5993,10.6,.085,-2.3,-0.5,2001,2009,0.0,0,0.0,0,0.0,0,0.0,0,,0,0.0,0.0,0.0,,,,,,,,none
16,CHH,Kirk Haston,2,27,134,-0.5,-.197,-13.3,-0.4,2001,2003,0.0,0,0.0,0,0.0,0,0.0,0,,0,0.0,0.0,0.0,,,,,,,,none
17,TOR,Michael Bradley,5,173,2016,2.0,.047,-4.0,-1.0,2001,2006,0.0,0,0.0,0,0.0,0,0.0,0,,0,0.0,0.0,0.0,,,,,,,,none
18,HOU,Jason Collins,13,735,14974,20.1,.064,-3.7,-6.5,2001,2014,0.0,0,0.0,0,0.0,0,0.0,0,,0,0.0,1.0,4.0,,,,,,,,none
19,POR,Zach Randolph,17,1116,34616,81.1,.112,0.2,18.8,2001,2018,0.0,0,0.0,0,0.0,0,49.0,0,380.0,2004,161.0,1.0,0.0,,,2011,"2004,2010,2011,2013,2014,2015",,,,none
20,CLE,Brendan Haywood,13,816,18680,43.8,.113,-1.4,2.9,2001,2014,0.0,0,0.0,0,1.0,0,0.0,0,,0,0.0,2.0,3.0,,,,,,,,none
21,BOS,Joseph Forte,2,25,125,-0.4,-.166,-8.6,-0.2,2001,2003,0.0,0,0.0,0,0.0,0,0.0,0,,0,0.0,0.0,0.0,,,,,,,,none
22,ORL,Jeryl Sasser,2,82,1061,0.7,.032,-2.5,-0.1,2001,2003,0.0,0,0.0,0,0.0,0,0.0,0,,0,0.0,0.0,0.0,,,,,,,,none
23,HOU,Brandon Armstrong,3,108,699,-0.6,-.039,-8.0,-1.0,2001,2004,0.0,0,0.0,0,0.0,0,0.0,0,,0,0.0,0.0,0.0,,,,,,,,none
24,UTA,Raül López,2,113,2135,2.1,.047,-2.4,-0.2,2001,2003,0.0,0,0.0,0,0.0,0,0.0,0,,0,0.0,0.0,8.0,,,,,,,,none
25,SAC,Gerald Wallace,14,832,24731,59.7,.116,1.8,23.5,2001,2015,0.0,0,0.0,0,169.0,0,0.0,0,80.0,0,6.0,65.0,1.0,,,,"2010,2011",2010,,,none
26,PHI,Samuel Dalembert,13,886,21646,51.3,.114,-1.1,4.6,2001,2014,0.0,0,0.0,0,3.0,0,0.0,0,25.0,0,0.0,6.0,0.0,,,,,,,,none
27,MEM,Jamaal Tinsley,11,547,14443,17.2,.057,0.0,7.1,2001,2012,0.0,0,2.0,0,0.0,0,0.0,0,,0,0.0,0.0,43.0,,,,,,,,second
28,SAS,Tony Parker,18,1254,38279,111.3,.140,1.1,30.1,2001,2019,460.0,0,0.0,0,0.0,0,0.0,0,176.0,0,1153.0,16.0,48.0,,"2012,2013,2014",2009,"2003,2004,2005,2006,2007,2008,2009,2010,2011,2012,2013,2014,2016",,,"2006,2007,2009,2011,2012,2013,2014",first
30,CHI,Trenton Hassell,9,644,16278,13.8,.041,-2.9,-3.7,2001,2010,0.0,0,0.0,0,4.0,0,0.0,0,,0,0.0,7.0,6.0,,,,,,,,none
31,GSW,Gilbert Arenas,11,552,19351,51.3,.127,2.6,22.3,2001,2012,35.0,0,0.0,0,0.0,0,0.0,0,301.0,2003,478.0,6.0,4.0,,2007,"2005,2006","2005,2006,2007",,,"2005,2007",none
32,ORL,Omar Cook,2,22,213,-0.1,-.021,-2.7,0.0,2001,2003,0.0,0,0.0,0,0.0,0,0.0,0,,0,0.0,0.0,0.0,,,,,,,,none
33,MEM,Will Solomon,2,115,1584,0.0,.000,-3.3,-0.5,2001,2003,0.0,0,0.0,0,0.0,0,0.0,0,,0,0.0,0.0,0.0,,,,,,,,none
34,ATL,Terence Morris,3,139,1934,1.0,.025,-2.8,-0.4,2001,2004,0.0,0,0.0,0,0.0,0,0.0,0,,0,0.0,0.0,0.0,,,,,,,,none
35,NJN,Brian Scalabrine,11,520,6772,7.6,.054,-2.7,-1.2,2001,2012,0.0,0,0.0,0,0.0,0,0.0,0,,0,0.0,0.0,0.0,,,,,,,,none
36,CLE,Jeff Trepagnier,3,31,270,-0.2,-.038,-2.8,-0.1,2001,2004,0.0,0,0.0,0,0.0,0,0.0,0,,0,0.0,0.0,0.0,,,,,,,,none
37,PHI,Damone Brown,4,39,351,-0.7,-.100,-8.6,-0.6,2001,2005,0.0,0,0.0,0,0.0,0,0.0,0,,0,0.0,0.0,0.0,,,,,,,,none
38,DET,Mehmet Okur,10,634,18429,54.7,.142,1.1,14.5,2001,2011,0.0,0,0.0,0,0.0,0,3.0,0,6.0,0,11.0,0.0,0.0,,,,"2006,2007",,,,none
39,NYK,Michael Wright,0,,,,,,,2001,2001,0.0,0,0.0,0,0.0,0,0.0,0,,0,0.0,0.0,0.0,,,,,,,,none
40,SEA,Earl Watson,13,878,19494,19.2,.047,-1.4,2.8,2001,2014,0.0,0,0.0,0,1.0,0,0.0,0,,0,0.0,6.0,1.0,,,,,,,,none
41,IND,Jamison Brewer,4,54,468,0.0,-.001,-2.4,0.0,2001,2005,0.0,0,0.0,0,0.0,0,0.0,0,,0,0.0,0.0,0.0,,,,,,,,none
42,SEA,Bobby Simmons,10,466,11513,20.1,.084,-0.7,3.6,2001,2011,0.0,0,0.0,0,0.0,0,0.0,0,385.0,2005,0.0,0.0,0.0,,,,,,,,none
43,NYK,Eric Chenowith,0,,,,,,,2001,2001,0.0,0,0.0,0,0.0,0,0.0,0,,0,0.0,0.0,0.0,,,,,,,,none
44,DAL,Kyle Hill,0,,,,,,,2001,2001,0.0,0,0.0,0,0.0,0,0.0,0,,0,0.0,0.0,0.0,,,,,,,,none
45,CHI,Sean Lampley,2,45,550,1.1,.096,-1.7,0.0,2001,2003,0.0,0,0.0,0,0.0,0,0.0,0,,0,0.0,0.0,0.0,,,,,,,,none
46,MIN,Loren Woods,6,215,2428,3.1,.062,-2.5,-0.3,2001,2007,0.0,0,0.0,0,0.0,0,0.0,0,,0,0.0,0.0,0.0,,,,,,,,none
47,DEN,Ousmane Cisse,0,,,,,,,2001,2001,0.0,0,0.0,0,0.0,0,0.0,0,,0,0.0,0.0,0.0,,,,,,,,none
48,MEM,Antonis Fotsis,1,28,320,0.1,.017,-3.4,-0.1,2001,2002,0.0,0,0.0,0,0.0,0,0.0,0,,0,0.0,0.0,0.0,,,,,,,,none
49,MIA,Ken Johnson,1,16,156,0.0,-.002,-6.8,-0.2,2001,2002,0.0,0,0.0,0,0.0,0,0.0,0,,0,0.0,0.0,0.0,,,,,,,,none
50,POR,Ruben Boumtje-Boumtje,3,44,276,0.2,.027,-5.4,-0.2,2001,2004,0.0,0,0.0,0,0.0,0,0.0,0,,0,0.0,0.0,0.0,,,,,,,,none
51,PHO,Alton Ford,3,73,524,0.8,.074,-6.4,-0.6,2001,2004,0.0,0,0.0,0,0.0,0,0.0,0,,0,0.0,0.0,0.0,,,,,,,,none
52,MIL,Andre Hutson,0,,,,,,,2001,2001,0.0,0,0.0,0,0.0,0,0.0,0,,0,0.0,0.0,0.0,,,,,,,,none
53,UTA,Jarron Collins,10,542,8542,15.7,.088,-3.1,-2.5,2001,2011,0.0,0,0.0,0,0.0,0,0.0,0,,0,0.0,0.0,5.0,,,,,,,,none
54,DAL,Kenny Satterfield,2,75,1062,-1.1,-.051,-4.1,-0.6,2001,2003,0.0,0,0.0,0,0.0,0,0.0,0,,0,0.0,0.0,0.0,,,,,,,,none
55,SAC,Maurice Jeffers,0,,,,,,,2001,2001,0.0,0,0.0,0,0.0,0,0.0,0,,0,0.0,0.0,0.0,,,,,,,,none
56,SAS,Robertas Javtokas,0,,,,,,,2001,2001,0.0,0,0.0,0,0.0,0,0.0,0,,0,0.0,0.0,0.0,,,,,,,,none
57,PHI,Alvin Jones,1,23,126,0.1,.034,-8.7,-0.2,2001,2002,0.0,0,0.0,0,0.0,0,0.0,0,,0,0.0,0.0,0.0,,,,,,,,none
58,SAS,Bryan Bracey,0,,,,,,,2001,2001,0.0,0,0.0,0,0.0,0,0.0,0,,0,0.0,0.0,0.0,,,,,,,,none
1,HOU,Yao Ming,8,486,15818,65.9,.200,3.2,20.7,2002,2010,2.0,0,405.0,0,1.0,0,0.0,0,21.0,0,1019.0,7.0,56.0,,"2007,2009","2006,2008","2006,2007,2008,2009",,,"2004,2009",first
2,CHI,Jay Williams,1,75,1961,0.8,.020,-2.0,0.0,2002,2003,0.0,0,0.0,0,0.0,0,0.0,0,,0,0.0,0.0,28.0,,,,,,,,second
3,GSW,Mike Dunleavy,15,986,27340,58.5,.103,0.3,15.7,2002,2017,0.0,0,0.0,0,0.0,0,2.0,0,54.0,0,0.0,0.0,4.0,,,,,,,,none
4,MEM,Drew Gooden,14,790,20127,43.9,.105,-1.2,4.3,2002,2016,0.0,0,3.0,0,0.0,0,0.0,0,2.0,0,0.0,0.0,0.0,,,,,,,,none
5,DEN,Nikoloz Tskitishvili,4,172,1946,-1.6,-.039,-6.1,-2.0,2002,2006,0.0,0,0.0,0,0.0,0,0.0,0,,0,0.0,0.0,0.0,,,,,,,,none
6,CLE,Dajuan Wagner,4,103,2202,0.0,.000,-4.9,-1.6,2002,2006,0.0,0,0.0,0,0.0,0,0.0,0,,0,0.0,0.0,13.0,,,,,,,,second
7,NYK,Nenê,17,965,25237,73.3,.139,1.0,18.8,2002,2019,0.0,0,2.0,0,0.0,0,0.0,0,63.0,0,17.0,4.0,40.0,,,,"2009,2011",,,,first
8,LAC,Chris Wilcox,11,628,12474,26.9,.103,-1.6,1.2,2002,2013,0.0,0,0.0,0,0.0,0,0.0,0,2.0,0,0.0,0.0,0.0,,,,,,,,none
9,PHO,Amar'e Stoudemire,14,846,26254,92.5,.169,1.3,21.9,2002,2016,84.0,0,458.0,2003,0.0,0,0.0,0,54.0,0,1400.0,2.0,56.0,2007,"2005,2010,2011",,"2003,2004,2005,2007,2010,2011",,,"2005,2007,2008,2010,2011",first
10,MIA,Caron Butler,14,881,28333,50.9,.086,-0.2,12.6,2002,2016,0.0,0,179.0,0,3.0,0,0.0,0,6.0,0,6.0,4.0,55.0,,,,"2008,2009",,,,first
11,WAS,Jared Jeffries,11,629,13579,13.1,.046,-2.4,-1.5,2002,2013,0.0,0,0.0,0,0.0,0,0.0,0,,0,0.0,0.0,0.0,,,,,,,,none
12,LAC,Melvin Ely,9,375,6005,4.0,.032,-4.0,-3.1,2002,2011,0.0,0,0.0,0,0.0,0,0.0,0,,0,0.0,0.0,0.0,,,,,,,,none
13,MIL,Marcus Haislip,4,89,854,0.5,.026,-4.7,-0.6,2002,2006,0.0,0,0.0,0,0.0,0,0.0,0,,0,0.0,0.0,0.0,,,,,,,,none
14,IND,Fred Jones,7,430,10299,16.5,.077,-1.0,2.6,2002,2009,0.0,0,0.0,0,0.0,0,0.0,0,3.0,0,0.0,0.0,0.0,,,,,,,,none
15,HOU,Boštjan Nachbar,6,317,5628,8.7,.074,-1.6,0.6,2002,2008,0.0,0,0.0,0,0.0,0,0.0,0,3.0,0,0.0,0.0,0.0,,,,,,,,none
16,PHI,Jiří Welsch,4,247,4596,5.7,.059,-1.9,0.1,2002,2006,0.0,0,0.0,0,0.0,0,0.0,0,,0,0.0,0.0,0.0,,,,,,,,none
17,WAS,Juan Dixon,7,436,8509,6.1,.034,-2.1,-0.3,2002,2009,0.0,0,0.0,0,0.0,0,0.0,0,,0,0.0,0.0,1.0,,,,,,,,none
18,ORL,Curtis Borchardt,2,83,1117,1.0,.041,-3.8,-0.5,2002,2004,0.0,0,0.0,0,0.0,0,0.0,0,,0,0.0,0.0,0.0,,,,,,,,none
19,UTA,Ryan Humphrey,3,85,772,-0.4,-.027,-8.1,-1.2,2002,2005,0.0,0,0.0,0,0.0,0,0.0,0,,0,0.0,0.0,0.0,,,,,,,,none
20,TOR,Kareem Rush,7,346,5956,1.7,.013,-3.2,-1.8,2002,2009,0.0,0,0.0,0,0.0,0,0.0,0,,0,0.0,0.0,0.0,,,,,,,,none
21,POR,Qyntel Woods,4,167,2060,1.4,.032,-2.7,-0.4,2002,2006,0.0,0,0.0,0,0.0,0,0.0,0,,0,0.0,0.0,0.0,,,,,,,,none
22,PHO,Casey Jacobsen,4,287,5320,6.2,.056,-2.2,-0.3,2002,2006,0.0,0,0.0,0,0.0,0,0.0,0,,0,0.0,0.0,1.0,,,,,,,,none
23,DET,Tayshaun Prince,14,1017,31576,63.1,.096,0.3,18.0,2002,2016,0.0,0,0.0,0,70.0,0,0.0,0,109.0,0,4.0,79.0,0.0,,,,"2005,2008",,"2005,2007,2008",,none
24,NJN,Nenad Krstić,7,419,10547,21.5,.098,-2.6,-1.5,2002,2009,0.0,0,0.0,0,0.0,0,0.0,0,65.0,0,5.0,0.0,30.0,,,,2006,,,,second
25,DEN,Frank Williams,3,86,952,0.1,.003,-3.2,-0.3,2002,2005,0.0,0,0.0,0,0.0,0,0.0,0,,0,0.0,0.0,0.0,,,,,,,,none
26,SAS,John Salmons,13,895,23672,33.9,.069,-0.9,6.7,2002,2015,0.0,0,0.0,0,0.0,0,0.0,0,18.0,0,0.0,0.0,0.0,,,,,,,,none
27,LAL,Chris Jefferies,2,72,861,-0.5,-.030,-5.5,-0.8,2002,2004,0.0,0,0.0,0,0.0,0,0.0,0,,0,0.0,0.0,0.0,,,,,,,,none
28,SAC,Dan Dickau,6,300,4617,5.9,.061,-1.5,0.6,2002,2008,0.0,0,0.0,0,0.0,0,0.0,0,68.0,0,0.0,0.0,0.0,,,,,,,,none
30,GSW,Steve Logan,0,,,,,,,2002,2002,0.0,0,0.0,0,0.0,0,0.0,0,,0,0.0,0.0,0.0,,,,,,,,none
31,CHI,Roger Mason,10,518,9147,13.0,.068,-1.4,1.4,2002,2012,0.0,0,0.0,0,0.0,0,0.0,0,4.0,0,0.0,0.0,0.0,,,,,,,,none
32,MEM,Robert Archibald,2,44,328,0.0,-.004,-6.1,-0.3,2002,2004,0.0,0,0.0,0,0.0,0,0.0,0,,0,0.0,0.0,0.0,,,,,,,,none
33,DEN,Vincent Yarbrough,1,59,1381,1.0,.035,-2.4,-0.1,2002,2003,0.0,0,0.0,0,0.0,0,0.0,0,,0,0.0,0.0,1.0,,,,,,,,none
34,MIL,Dan Gadzuric,10,527,7793,15.8,.097,-2.3,-0.7,2002,2012,0.0,0,0.0,0,0.0,0,0.0,0,,0,0.0,0.0,0.0,,,,,,,,none
35,CLE,Carlos Boozer,13,861,26901,80.3,.143,1.4,23.1,2002,2015,8.0,0,1.0,0,0.0,0,0.0,0,174.0,0,37.0,1.0,28.0,,,,"2004,2009,2010,2013",,,"2007,2008",second
36,NYK,Milos Vujanic,0,,,,,,,2002,2002,0.0,0,0.0,0,0.0,0,0.0,0,,0,0.0,0.0,0.0,,,,,,,,none
37,ATL,David Andersen,2,103,1264,1.5,.059,-2.9,-0.3,2002,2004,0.0,0,0.0,0,0.0,0,0.0,0,,0,0.0,0.0,0.0,,,,,,,,none
38,HOU,Tito Maddox,1,9,35,0.0,-.011,-1.4,0.0,2002,2003,0.0,0,0.0,0,0.0,0,0.0,0,,0,0.0,0.0,0.0,,,,,,,,none
39,WAS,Rod Grizzard,0,,,,,,,2002,2002,0.0,0,0.0,0,0.0,0,0.0,0,,0,0.0,0.0,0.0,,,,,,,,none
40,WAS,Juan Carlos Navarro,1,82,2117,1.4,.031,-2.3,-0.2,2002,2003,0.0,0,3.0,0,0.0,0,0.0,0,,0,0.0,0.0,24.0,,,,,,,,second
41,LAC,Mario Kasun,2,73,569,0.8,.069,-7.0,-0.7,2002,2004,0.0,0,0.0,0,0.0,0,0.0,0,,0,0.0,0.0,0.0,,,,,,,,none
42,MIL,Ronald Murray,8,487,11077,8.5,.037,-2.2,-0.5,2002,2010,0.0,0,0.0,0,0.0,0,16.0,0,7.0,0,0.0,0.0,0.0,,,,,,,,none
43,POR,Jason Jennings,0,,,,,,,2002,2002,0.0,0,0.0,0,0.0,0,0.0,0,,0,0.0,0.0,0.0,,,,,,,,none
44,CHI,Lonny Baxter,4,162,1884,2.9,.075,-4.6,-1.2,2002,2006,0.0,0,0.0,0,0.0,0,0.0,0,,0,0.0,0.0,0.0,,,,,,,,none
45,PHI,Sam Clancy,0,,,,,,,2002,2002,0.0,0,0.0,0,0.0,0,0.0,0,,0,0.0,0.0,0.0,,,,,,,,none
46,MEM,Matt Barnes,14,929,21967,42.8,.093,-0.1,10.7,2002,2016,0.0,0,0.0,0,1.0,0,0.0,0,,0,0.0,2.0,0.0,,,,,,,,none
47,UTA,Jamal Sampson,5,72,631,1.4,.106,-2.3,-0.1,2002,2007,0.0,0,0.0,0,0.0,0,0.0,0,,0,0.0,0.0,0.0,,,,,,,,none
48,MIL,Chris Owens,1,1,6,0.0,-.032,-0.5,0.0,2002,2003,0.0,0,0.0,0,0.0,0,0.0,0,,0,0.0,0.0,0.0,,,,,,,,none
49,SEA,Peter Fehse,0,,,,,,,2002,2002,0.0,0,0.0,0,0.0,0,0.0,0,,0,0.0,0.0,0.0,,,,,,,,none
50,BOS,Darius Songaila,8,495,9229,15.9,.083,-2.1,-0.2,2002,2010,0.0,0,0.0,0,0.0,0,0.0,0,,0,0.0,0.0,3.0,,,,,,,,none
51,POR,Federico Kammerichs,0,,,,,,,2002,2002,0.0,0,0.0,0,0.0,0,0.0,0,,0,0.0,0.0,0.0,,,,,,,,none
52,MIN,Marcus Taylor,0,,,,,,,2002,2002,0.0,0,0.0,0,0.0,0,0.0,0,,0,0.0,0.0,0.0,,,,,,,,none
53,MIA,Rasual Butler,13,809,17219,20.8,.058,-1.4,2.6,2002,2015,0.0,0,0.0,0,0.0,0,0.0,0,1.0,0,0.0,0.0,2.0,,,,,,,,none
54,NJN,Tamar Slay,3,66,517,-0.3,-.029,-5.7,-0.5,2002,2005,0.0,0,0.0,0,0.0,0,0.0,0,,0,0.0,0.0,0.0,,,,,,,,none
55,DAL,Mladen Sekularac,0,,,,,,,2002,2002,0.0,0,0.0,0,0.0,0,0.0,0,,0,0.0,0.0,0.0,,,,,,,,none
56,SAS,Luis Scola,10,743,19001,45.7,.115,-0.7,6.4,2002,2012,0.0,0,146.0,0,0.0,0,0.0,0,2.0,0,3.0,2.0,53.0,,,,"2011,2012",,,,first
57,SAS,Randy Holcomb,1,4,11,0.0,.150,-1.7,0.0,2002,2003,0.0,0,0.0,0,0.0,0,0.0,0,,0,0.0,0.0,0.0,,,,,,,,none
58,SAC,Corsley Edwards,1,10,110,0.1,.026,-6.2,-0.1,2002,2003,0.0,0,0.0,0,0.0,0,0.0,0,,0,0.0,0.0,0.0,,,,,,,,none
1,CLE,LeBron James,23,1597,60206,274.1,.219,8.4,158.0,2003,2026,10510.0,2009,508.0,2004,534.0,0,0.0,0,69.0,0,5659.0,486.0,56.0,"2008,2010,2014,2015,2016,2017,2018,2020","2021,2025","2019,2022,2023,2024","2004,2008,2010,2014,2015,2016,2017,2018,2019,2020,2021,2022,2023,2024,2025","2009,2010,2011,2012,2013",2014,"2004,2005,2006,2007,2008,2009,2010,2011,2012,2013,2014,2015,2016,2017,2018,2019,2020,2021,2022,2025",first
2,DET,Darko Miličić,10,468,8638,7.1,.040,-2.4,-0.9,2003,2013,0.0,0,0.0,0,0.0,0,0.0,0,,0,0.0,0.0,0.0,,,,,,,,none
3,DEN,Carmelo Anthony,19,1260,43514,108.5,.120,1.3,36.7,2003,2022,549.0,0,430.0,0,0.0,0,8.0,0,24.0,0,994.0,0.0,56.0,,2010,"2006,2007,2009,2012","2004,2005,2006,2007,2008,2009,2010,2011,2012,2015,2016",,,"2004,2007,2008,2010,2013,2014",first
4,TOR,Chris Bosh,13,893,31936,106.0,.159,1.9,31.1,2003,2016,44.0,0,2.0,0,0.0,0,0.0,0,64.0,0,368.0,6.0,53.0,,2007,,"2005,2006,2007,2008,2009,2011,2012,2013,2014",,,"2007,2010",first
5,MIA,Dwyane Wade,16,1054,35773,120.7,.162,5.0,62.8,2003,2019,967.0,0,117.0,0,117.0,0,11.0,0,132.0,0,2430.0,80.0,56.0,"2009,2010","2005,2006,2011",2013,"2005,2006,2009,2010,2011,2013,2014,2015,2019",,"2009,2010","2005,2006,2007,2009,2010,2011,2012,2013",first
6,LAC,Chris Kaman,13,735,19642,24.6,.060,-1.9,0.4,2003,2016,0.0,0,0.0,0,0.0,0,1.0,0,27.0,0,10.0,0.0,19.0,,,,"2006,2010",,,,none
7,CHI,Kirk Hinrich,13,879,27015,52.5,.093,0.0,13.3,2003,2016,0.0,0,4.0,0,13.0,0,4.0,0,12.0,0,0.0,50.0,52.0,,,,,,2007,,first
8,MIL,T.J. Ford,8,429,11882,16.9,.068,-0.4,4.6,2003,2011,0.0,0,0.0,0,0.0,0,0.0,0,,0,0.0,0.0,27.0,,,,,,,,second
9,NYK,Mike Sweetney,4,233,3610,7.8,.103,-2.7,-0.6,2003,2007,0.0,0,0.0,0,0.0,0,0.0,0,,0,0.0,0.0,0.0,,,,,,,,none
10,WAS,Jarvis Hayes,7,427,9898,10.2,.049,-2.5,-1.3,2003,2010,0.0,0,0.0,0,0.0,0,0.0,0,,0,0.0,0.0,20.0,,,,,,,,second
11,GSW,Mickaël Piétrus,10,557,11950,19.7,.079,-0.9,3.2,2003,2013,0.0,0,0.0,0,0.0,0,0.0,0,1.0,0,0.0,2.0,3.0,,,,,,,,none
12,SEA,Nick Collison,14,910,18603,44.5,.115,-1.3,3.1,2003,2017,0.0,0,0.0,0,0.0,0,0.0,0,,0,0.0,0.0,3.0,,,,,,,,none
13,MEM,Marcus Banks,8,348,5571,6.6,.057,-2.0,-0.1,2003,2011,0.0,0,0.0,0,0.0,0,0.0,0,,0,0.0,0.0,1.0,,,,,,,,none
14,SEA,Luke Ridnour,12,830,21623,36.0,.080,-0.6,7.5,2003,2015,0.0,0,0.0,0,0.0,0,0.0,0,14.0,0,0.0,0.0,1.0,,,,,,,,none
15,ORL,Reece Gaines,3,71,605,-0.6,-.049,-6.1,-0.6,2003,2006,0.0,0,0.0,0,0.0,0,0.0,0,,0,0.0,0.0,0.0,,,,,,,,none
16,BOS,Troy Bell,1,6,34,-0.2,-.326,-19.6,-0.2,2003,2004,0.0,0,0.0,0,0.0,0,0.0,0,,0,0.0,0.0,0.0,,,,,,,,none
17,PHO,Žarko Čabarkapa,3,150,1550,1.1,.035,-3.9,-0.7,2003,2006,0.0,0,0.0,0,0.0,0,0.0,0,,0,0.0,0.0,0.0,,,,,,,,none
18,NOH,David West,15,1034,29144,85.8,.141,1.7,27.6,2003,2018,0.0,0,0.0,0,0.0,0,0.0,0,298.0,0,39.0,3.0,0.0,,,,"2008,2009,2010,2013",,,,none
19,UTA,Sasha Pavlović,10,567,8888,7.0,.038,-3.4,-3.1,2003,2013,0.0,0,0.0,0,0.0,0,0.0,0,1.0,0,0.0,0.0,0.0,,,,,,,,none
20,BOS,Dahntay Jones,13,624,9799,9.9,.048,-3.7,-4.1,2003,2016,0.0,0,0.0,0,0.0,0,0.0,0,,0,0.0,0.0,0.0,,,,,,,,none
21,ATL,Boris Diaw,14,1064,28768,51.6,.086,0.1,15.5,2003,2017,0.0,0,0.0,0,0.0,0,5.0,0,489.0,2006,1.0,1.0,0.0,,,,2006,,,,none
22,NJN,Zoran Planinić,3,148,1584,1.5,.046,-3.5,-0.6,2003,2006,0.0,0,0.0,0,0.0,0,0.0,0,,0,0.0,0.0,0.0,,,,,,,,none
23,POR,Travis Outlaw,11,622,13026,16.5,.061,-1.4,2.1,2003,2014,0.0,0,0.0,0,0.0,0,86.0,0,5.0,0,0.0,1.0,0.0,,,,,,,,none
24,LAL,Brian Cook,9,421,5649,10.2,.086,-1.6,0.5,2003,2012,0.0,0,0.0,0,0.0,0,0.0,0,,0,0.0,0.0,0.0,,,,,,,,none
25,DET,Carlos Delfino,8,507,11580,22.5,.093,0.5,7.2,2003,2011,0.0,0,0.0,0,0.0,0,0.0,0,,0,0.0,0.0,0.0,,,,,,,,none
26,MIN,Ndudi Ebi,2,19,86,0.1,.051,-3.8,0.0,2003,2005,0.0,0,0.0,0,0.0,0,0.0,0,,0,0.0,0.0,0.0,,,,,,,,none
27,MEM,Kendrick Perkins,14,782,17162,27.9,.078,-1.9,0.6,2003,2017,0.0,0,0.0,0,1.0,0,0.0,0,1.0,0,3.0,11.0,0.0,,,,2011,,,,none
28,SAS,Leandro Barbosa,14,850,18386,37.4,.098,-0.2,8.6,2003,2017,0.0,0,0.0,0,0.0,0,891.0,2007,24.0,0,0.0,0.0,6.0,,,,,,,,none
29,DAL,Josh Howard,10,507,15350,38.0,.119,0.6,10.0,2003,2013,0.0,0,0.0,0,7.0,0,0.0,0,16.0,0,13.0,13.0,29.0,,,,"2007,2008",,,,second
30,NYK,Maciej Lampe,3,64,632,-0.2,-.014,-7.0,-0.8,2003,2006,0.0,0,0.0,0,0.0,0,0.0,0,,0,0.0,0.0,0.0,,,,,,,,none
31,CLE,Jason Kapono,9,509,9068,10.3,.055,-2.6,-1.3,2003,2012,0.0,0,0.0,0,0.0,0,3.0,0,10.0,0,0.0,0.0,0.0,,,,,,,,none
32,LAL,Luke Walton,10,564,9685,13.5,.067,-1.0,2.5,2003,2013,0.0,0,0.0,0,0.0,0,0.0,0,1.0,0,0.0,0.0,1.0,,,,,,,,none
33,MIA,Jerome Beasley,1,2,5,0.0,-.117,-5.2,0.0,2003,2004,0.0,0,0.0,0,0.0,0,0.0,0,,0,0.0,0.0,0.0,,,,,,,,none
34,LAC,Sofoklis Schortsanitis,0,,,,,,,2003,2003,0.0,0,0.0,0,0.0,0,0.0,0,,0,0.0,0.0,0.0,,,,,,,,none
35,MIL,Szymon Szewczyk,0,,,,,,,2003,2003,0.0,0,0.0,0,0.0,0,0.0,0,,0,0.0,0.0,0.0,,,,,,,,none
36,CHI,Mario Austin,0,,,,,,,2003,2003,0.0,0,0.0,0,0.0,0,0.0,0,,0,0.0,0.0,0.0,,,,,,,,none
37,ATL,Travis Hansen,1,41,507,0.2,.019,-6.2,-0.5,2003,2004,0.0,0,0.0,0,0.0,0,0.0,0,,0,0.0,0.0,0.0,,,,,,,,none
38,WAS,Steve Blake,13,870,20823,29.1,.067,-1.2,4.2,2003,2016,0.0,0,0.0,0,0.0,0,0.0,0,,0,0.0,0.0,1.0,,,,,,,,none
39,NYK,Slavko Vraneš,1,1,3,0.0,-.371,-26.2,0.0,2003,2004,0.0,0,0.0,0,0.0,0,0.0,0,,0,0.0,0.0,0.0,,,,,,,,none
40,GSW,Derrick Zimmerman,1,2,32,0.0,.004,-10.4,-0.1,2003,2004,0.0,0,0.0,0,0.0,0,0.0,0,,0,0.0,0.0,0.0,,,,,,,,none
41,SEA,Willie Green,12,731,14783,12.9,.042,-2.7,-2.7,2003,2015,0.0,0,0.0,0,0.0,0,0.0,0,,0,0.0,0.0,0.0,,,,,,,,none
42,ORL,Zaza Pachulia,16,1098,22240,52.7,.114,-1.5,2.9,2003,2019,0.0,0,0.0,0,0.0,0,0.0,0,2.0,0,0.0,1.0,0.0,,,,,,,,none
43,MIL,Keith Bogans,11,671,14527,20.4,.068,-1.5,1.9,2003,2014,0.0,0,0.0,0,5.0,0,0.0,0,,0,0.0,2.0,1.0,,,,,,,,none
44,HOU,Malick Badiane,0,,,,,,,2003,2003,0.0,0,0.0,0,0.0,0,0.0,0,,0,0.0,0.0,0.0,,,,,,,,none
45,CHI,Matt Bonner,12,792,13356,38.5,.138,1.0,10.1,2003,2015,0.0,0,0.0,0,0.0,0,1.0,0,,0,0.0,0.0,1.0,,,,,,,,none
46,DEN,Sani Bečirovič,0,,,,,,,2003,2003,0.0,0,0.0,0,0.0,0,0.0,0,,0,0.0,0.0,0.0,,,,,,,,none
47,UTA,Mo Williams,13,818,23872,40.0,.080,-0.3,10.0,2003,2016,0.0,0,0.0,0,0.0,0,34.0,0,2.0,0,11.0,0.0,0.0,,,,"2009,2010",,,,none
48,NOH,James Lang,1,11,55,0.1,.047,-6.4,-0.1,2003,2004,0.0,0,0.0,0,0.0,0,0.0,0,,0,0.0,0.0,0.0,,,,,,,,none
49,IND,James Jones,14,709,11098,25.2,.109,-0.1,5.4,2003,2017,0.0,0,0.0,0,0.0,0,0.0,0,,0,0.0,0.0,0.0,,,,,,,,none
50,PHI,Paccelis Morlende,0,,,,,,,2003,2003,0.0,0,0.0,0,0.0,0,0.0,0,,0,0.0,0.0,0.0,,,,,,,,none
51,NJN,Kyle Korver,17,1232,31183,73.4,.113,0.6,20.7,2003,2020,0.0,0,0.0,0,0.0,0,60.0,0,9.0,0,2.0,0.0,1.0,,,,2015,,,,none
52,TOR,Remon van de Hare,0,,,,,,,2003,2003,0.0,0,0.0,0,0.0,0,0.0,0,,0,0.0,0.0,0.0,,,,,,,,none
53,CHI,Tommy Smith,0,,,,,,,2003,2003,0.0,0,0.0,0,0.0,0,0.0,0,,0,0.0,0.0,0.0,,,,,,,,none
54,POR,Nedžad Sinanović,0,,,,,,,2003,2003,0.0,0,0.0,0,0.0,0,0.0,0,,0,0.0,0.0,0.0,,,,,,,,none
55,MIN,Rick Rickert,0,,,,,,,2003,2003,0.0,0,0.0,0,0.0,0,0.0,0,,0,0.0,0.0,0.0,,,,,,,,none
56,BOS,Brandon Hunter,2,67,630,0.7,.055,-3.7,-0.3,2003,2005,0.0,0,0.0,0,0.0,0,0.0,0,,0,0.0,0.0,0.0,,,,,,,,none
57,DAL,Xue Yuyang,0,,,,,,,2003,2003,0.0,0,0.0,0,0.0,0,0.0,0,,0,0.0,0.0,0.0,,,,,,,,none
58,DET,Andreas Glyniadakis,1,13,81,-0.2,-.143,-14.0,-0.2,2003,2004,0.0,0,0.0,0,0.0,0,0.0,0,,0,0.0,0.0,0.0,,,,,,,,none
1,ORL,Dwight Howard,18,1242,39457,141.7,.172,1.9,39.0,2004,2022,1522.0,0,161.0,0,1954.0,2009,1.0,0,14.0,0,2765.0,283.0,58.0,"2008,2009,2011,2012",2014,"2007,2013","2006,2007,2008,2009,2011,2012,2013,2014,2016,2018","2009,2010,2011,2012",2008,"2008,2009,2010,2011,2012",first
2,CHA,Emeka Okafor,10,616,19055,45.3,.114,-0.6,6.8,2004,2014,0.0,0,514.0,2005,11.0,0,0.0,0,1.0,0,1.0,12.0,58.0,,,,2011,,,,first
3,CHI,Ben Gordon,11,744,20366,33.3,.078,-0.3,8.7,2004,2015,0.0,0,443.0,0,0.0,0,540.0,2005,1.0,0,3.0,0.0,58.0,,,,2007,,,,first
4,LAC,Shaun Livingston,14,833,17188,29.9,.084,-1.0,4.3,2004,2018,0.0,0,0.0,0,0.0,0,7.0,0,11.0,0,0.0,3.0,1.0,,,,,,,,none
5,WAS,Devin Harris,15,985,23963,54.9,.110,0.6,15.5,2004,2019,0.0,0,0.0,0,1.0,0,1.0,0,339.0,0,5.0,8.0,10.0,,,,2009,,,,none
6,ATL,Josh Childress,8,391,10432,25.7,.118,0.8,7.4,2004,2012,0.0,0,0.0,0,0.0,0,26.0,0,,0,0.0,0.0,21.0,,,,,,,,second
7,PHO,Luol Deng,15,902,30941,74.0,.115,0.9,22.9,2004,2019,0.0,0,1.0,0,50.0,0,0.0,0,48.0,0,15.0,51.0,33.0,,,,"2007,2011,2012,2013",,2012,,first
8,TOR,Rafael Araújo,3,139,1585,-0.4,-.013,-7.2,-2.1,2004,2007,0.0,0,0.0,0,0.0,0,0.0,0,,0,0.0,0.0,0.0,,,,,,,,none
9,PHI,Andre Iguodala,19,1231,39507,100.4,.122,2.1,41.3,2004,2023,0.0,0,14.0,0,162.0,0,716.0,0,19.0,0,4.0,244.0,56.0,,,,"2008,2009,2011,2013",2014,2011,,first
10,CLE,Luke Jackson,4,73,724,0.2,.010,-3.7,-0.3,2004,2008,0.0,0,0.0,0,0.0,0,0.0,0,,0,0.0,0.0,0.0,,,,,,,,none
11,GSW,Andris Biedriņš,10,516,11146,30.7,.132,-0.4,4.6,2004,2014,0.0,0,0.0,0,0.0,0,0.0,0,64.0,0,0.0,0.0,0.0,,,,,,,,none
12,SEA,Robert Swift,4,97,1500,1.7,.054,-3.8,-0.7,2004,2008,0.0,0,0.0,0,0.0,0,0.0,0,,0,0.0,0.0,0.0,,,,,,,,none
13,POR,Sebastian Telfair,10,564,12149,5.0,.020,-3.4,-4.2,2004,2014,0.0,0,0.0,0,0.0,0,0.0,0,,0,0.0,0.0,1.0,,,,,,,,none
14,UTA,Kris Humphries,13,800,14232,30.3,.102,-1.7,1.2,2004,2017,0.0,0,0.0,0,0.0,0,0.0,0,63.0,0,0.0,0.0,0.0,,,,,,,,none
15,BOS,Al Jefferson,14,915,26299,71.0,.130,1.2,21.3,2004,2018,34.0,0,0.0,0,0.0,0,0.0,0,166.0,0,266.0,0.0,17.0,,,2014,"2008,2009,2011,2012,2013,2014",,,2014,second
16,UTA,Kirk Snyder,4,211,3540,4.5,.061,-1.2,0.7,2004,2008,0.0,0,0.0,0,0.0,0,0.0,0,,0,0.0,0.0,0.0,,,,,,,,none
17,ATL,Josh Smith,13,894,29000,51.0,.084,1.7,27.2,2004,2017,0.0,0,0.0,0,184.0,0,0.0,0,10.0,0,46.0,47.0,22.0,,,,"2010,2012,2013",,2010,,second
18,NOH,J.R. Smith,16,977,26275,46.3,.084,0.2,14.7,2004,2020,0.0,0,1.0,0,0.0,0,703.0,2013,15.0,0,0.0,2.0,15.0,,,,,,,,none
19,MIA,Dorell Wright,11,549,12280,25.9,.101,0.9,9.1,2004,2015,0.0,0,0.0,0,0.0,0,0.0,0,124.0,0,0.0,0.0,0.0,,,,,,,,none
20,DEN,Jameer Nelson,14,878,24539,48.3,.094,-0.1,11.6,2004,2018,0.0,0,0.0,0,0.0,0,0.0,0,22.0,0,0.0,0.0,20.0,,,,,,,,second
21,UTA,Pavel Podkolzin,2,6,28,-0.1,-.163,-15.0,-0.1,2004,2006,0.0,0,0.0,0,0.0,0,0.0,0,,0,0.0,0.0,0.0,,,,,,,,none
22,NJN,Viktor Khryapa,4,143,2351,2.0,.041,-3.5,-0.9,2004,2008,0.0,0,0.0,0,0.0,0,0.0,0,,0,0.0,0.0,0.0,,,,,,,,none
23,POR,Sergei Monia,1,26,343,-0.2,-.025,-5.3,-0.3,2004,2005,0.0,0,0.0,0,0.0,0,0.0,0,,0,0.0,0.0,0.0,,,,,,,,none
24,BOS,Delonte West,8,432,11842,24.5,.099,0.9,8.7,2004,2012,0.0,0,0.0,0,0.0,0,0.0,0,,0,0.0,0.0,0.0,,,,,,,,none
25,BOS,Tony Allen,14,820,18055,38.7,.103,0.3,10.4,2004,2018,0.0,0,0.0,0,225.0,0,3.0,0,1.0,0,0.0,577.0,6.0,,,,,"2012,2013,2015","2011,2016,2017",,none
26,SAC,Kevin Martin,12,714,21559,61.3,.137,1.0,16.1,2004,2016,0.0,0,0.0,0,0.0,0,31.0,0,351.0,0,11.0,0.0,0.0,,,,"2008,2011",,,,none
27,LAL,Sasha Vujačić,10,581,8908,16.0,.086,-1.0,2.3,2004,2014,0.0,0,0.0,0,0.0,0,0.0,0,,0,0.0,0.0,0.0,,,,,,,,none
28,SAS,Beno Udrih,13,831,18185,31.4,.083,-0.9,4.9,2004,2017,0.0,0,0.0,0,0.0,0,0.0,0,17.0,0,0.0,0.0,11.0,,,,,,,,none
29,IND,David Harrison,4,189,2686,3.2,.057,-4.4,-1.7,2004,2008,0.0,0,0.0,0,0.0,0,0.0,0,,0,0.0,0.0,0.0,,,,,,,,none
30,ORL,Anderson Varejão,14,632,15087,46.4,.148,0.3,8.8,2004,2018,0.0,0,0.0,0,21.0,0,126.0,0,,0,0.0,18.0,2.0,,,,,,2010,,none
31,CHI,Jackson Vroman,2,87,1111,0.0,.001,-5.1,-0.9,2004,2006,0.0,0,0.0,0,0.0,0,0.0,0,,0,0.0,0.0,0.0,,,,,,,,none
32,WAS,Peter John Ramos,1,6,20,0.0,-.108,-10.0,0.0,2004,2005,0.0,0,0.0,0,0.0,0,0.0,0,,0,0.0,0.0,0.0,,,,,,,,none
33,LAC,Lionel Chalmers,1,36,433,-0.2,-.025,-5.3,-0.4,2004,2005,0.0,0,0.0,0,0.0,0,0.0,0,,0,0.0,0.0,0.0,,,,,,,,none
34,ATL,Donta Smith,2,61,560,0.5,.043,-3.2,-0.2,2004,2006,0.0,0,0.0,0,0.0,0,0.0,0,,0,0.0,0.0,0.0,,,,,,,,none
35,SEA,Andre Emmett,2,14,73,0.1,.040,-5.5,-0.1,2004,2006,0.0,0,0.0,0,0.0,0,0.0,0,,0,0.0,0.0,0.0,,,,,,,,none
36,ORL,Antonio Burks,2,81,789,0.1,.004,-5.0,-0.6,2004,2006,0.0,0,0.0,0,0.0,0,0.0,0,,0,0.0,0.0,0.0,,,,,,,,none
37,ATL,Royal Ivey,10,492,6162,4.5,.035,-3.8,-2.7,2004,2014,0.0,0,0.0,0,0.0,0,0.0,0,,0,0.0,0.0,0.0,,,,,,,,none
38,CHI,Chris Duhon,9,606,15526,25.0,.077,-1.2,3.2,2004,2013,0.0,0,0.0,0,0.0,0,3.0,0,,0,0.0,1.0,10.0,,,,,,,,none
39,TOR,Albert Miralles,0,,,,,,,2004,2004,0.0,0,0.0,0,0.0,0,0.0,0,,0,0.0,0.0,0.0,,,,,,,,none
40,BOS,Justin Reed,3,136,1436,0.5,.016,-5.9,-1.4,2004,2007,0.0,0,0.0,0,0.0,0,0.0,0,,0,0.0,0.0,0.0,,,,,,,,none
41,SEA,David Young,0,,,,,,,2004,2004,0.0,0,0.0,0,0.0,0,0.0,0,,0,0.0,0.0,0.0,,,,,,,,none
42,ATL,Viktor Sanikidze,0,,,,,,,2004,2004,0.0,0,0.0,0,0.0,0,0.0,0,,0,0.0,0.0,0.0,,,,,,,,none
43,NYK,Trevor Ariza,18,1118,32953,64.3,.094,0.6,21.8,2004,2022,0.0,0,0.0,0,12.0,0,1.0,0,,0,1.0,32.0,1.0,,,,2018,,,,none
44,NOH,Tim Pickett,0,,,,,,,2004,2004,0.0,0,0.0,0,0.0,0,0.0,0,,0,0.0,0.0,0.0,,,,,,,,none
45,CHA,Bernard Robinson,3,128,1909,2.0,.049,-2.0,0.0,2004,2007,0.0,0,0.0,0,0.0,0,0.0,0,,0,0.0,0.0,0.0,,,,,,,,none
46,POR,Ha Seung-Jin,2,46,316,-0.2,-.029,-8.8,-0.5,2004,2006,0.0,0,0.0,0,0.0,0,0.0,0,,0,0.0,0.0,0.0,,,,,,,,none
47,MIA,Pape Sow,3,76,879,0.8,.044,-5.7,-0.8,2004,2007,0.0,0,0.0,0,0.0,0,0.0,0,,0,0.0,0.0,0.0,,,,,,,,none
48,SAC,Ricky Minard,0,,,,,,,2004,2004,0.0,0,0.0,0,0.0,0,0.0,0,,0,0.0,0.0,0.0,,,,,,,,none
49,MEM,Sergei Lishouk,0,,,,,,,2004,2004,0.0,0,0.0,0,0.0,0,0.0,0,,0,0.0,0.0,0.0,,,,,,,,none
50,DAL,Vassilis Spanoulis,1,31,272,-0.1,-.010,-5.9,-0.3,2004,2005,0.0,0,0.0,0,0.0,0,0.0,0,,0,0.0,0.0,0.0,,,,,,,,none
51,NJN,Christian Drejer,0,,,,,,,2004,2004,0.0,0,0.0,0,0.0,0,0.0,0,,0,0.0,0.0,0.0,,,,,,,,none
52,SAS,Romain Sato,0,,,,,,,2004,2004,0.0,0,0.0,0,0.0,0,0.0,0,,0,0.0,0.0,0.0,,,,,,,,none
53,MIA,Matt Freije,2,42,588,-0.6,-.047,-6.0,-0.6,2004,2006,0.0,0,0.0,0,0.0,0,0.0,0,,0,0.0,0.0,0.0,,,,,,,,none
54,DET,Rickey Paulding,0,,,,,,,2004,2004,0.0,0,0.0,0,0.0,0,0.0,0,,0,0.0,0.0,0.0,,,,,,,,none
55,HOU,Luis Flores,1,16,77,0.0,-.020,-4.8,0.0,2004,2005,0.0,0,0.0,0,0.0,0,0.0,0,,0,0.0,0.0,0.0,,,,,,,,none
56,LAL,Marcus Douthit,0,,,,,,,2004,2004,0.0,0,0.0,0,0.0,0,0.0,0,,0,0.0,0.0,0.0,,,,,,,,none
57,SAS,Sergei Karaulov,0,,,,,,,2004,2004,0.0,0,0.0,0,0.0,0,0.0,0,,0,0.0,0.0,0.0,,,,,,,,none
58,MIN,Blake Stepp,0,,,,,,,2004,2004,0.0,0,0.0,0,0.0,0,0.0,0,,0,0.0,0.0,0.0,,,,,,,,none
59,IND,Rashad Wright,0,,,,,,,2004,2004,0.0,0,0.0,0,0.0,0,0.0,0,,0,0.0,0.0,0.0,,,,,,,,none
1,MIL,Andrew Bogut,14,706,19862,50.6,.122,1.2,16.0,2005,2019,0.0,0,98.0,0,97.0,0,0.0,0,100.0,0,20.0,118.0,55.0,,,,"2011,2015,2016",,2015,,first
2,ATL,Marvin Williams,15,1072,30159,65.1,.104,-0.4,12.3,2005,2020,0.0,0,0.0,0,0.0,0,0.0,0,,0,0.0,0.0,15.0,,,,,,,,second
3,UTA,Deron Williams,12,845,28865,77.3,.129,1.9,28.3,2005,2017,11.0,0,31.0,0,0.0,0,0.0,0,105.0,0,625.0,26.0,46.0,,"2008,2010",,"2007,2008,2010,2011,2012,2013",,,"2008,2010",first
4,NOH,Chris Paul,21,1370,45836,215.2,.225,6.5,98.8,2005,2026,2205.0,0,623.0,2006,117.0,0,0.0,0,41.0,0,3569.0,899.0,58.0,"2008,2012,2013,2014","2015,2016,2020,2021",2022,"2006,2007,2008,2010,2012,2013,2014,2015,2016,2017,2020,2021,2022","2009,2012,2013,2014,2015,2016,2017","2008,2011","2008,2009,2011,2012,2013,2014,2015,2016,2020,2021,2022",first
5,CHA,Raymond Felton,14,971,28829,40.2,.067,-0.6,10.1,2005,2019,0.0,0,79.0,0,0.0,0,0.0,0,,0,3.0,1.0,40.0,,,,2013,,,,second
6,POR,Martell Webster,10,580,13914,24.7,.085,-0.8,4.3,2005,2015,0.0,0,0.0,0,0.0,0,0.0,0,,0,0.0,0.0,2.0,,,,,,,,none
7,TOR,Charlie Villanueva,11,656,13578,22.6,.080,-0.6,4.7,2005,2016,0.0,0,248.0,0,0.0,0,1.0,0,,0,0.0,0.0,56.0,,,,,,,,first
8,NYK,Channing Frye,13,890,19772,38.9,.094,-0.4,8.0,2005,2018,0.0,0,41.0,0,0.0,0,6.0,0,10.0,0,0.0,0.0,45.0,,,,,,,,first
9,GSW,Ike Diogu,6,225,2795,6.5,.112,-3.0,-0.7,2005,2011,0.0,0,0.0,0,0.0,0,0.0,0,,0,0.0,0.0,8.0,,,,,,,,none
10,LAL,Andrew Bynum,8,418,10690,37.4,.168,1.4,9.1,2005,2013,0.0,0,0.0,0,3.0,0,0.0,0,113.0,0,11.0,1.0,0.0,,,,"2010,2011",,,,none
11,ORL,Fran Vázquez,0,,,,,,,2005,2005,0.0,0,0.0,0,0.0,0,0.0,0,,0,0.0,0.0,0.0,,,,,,,,none
12,LAC,Yaroslav Korolev,2,34,168,-0.1,-.024,-5.2,-0.1,2005,2007,0.0,0,0.0,0,0.0,0,0.0,0,,0,0.0,0.0,0.0,,,,,,,,none
13,CHA,Sean May,4,119,1868,2.6,.068,-1.7,0.2,2005,2009,0.0,0,0.0,0,0.0,0,0.0,0,,0,0.0,0.0,0.0,,,,,,,,none
14,MIN,Rashad McCants,4,249,5037,3.6,.035,-1.7,0.4,2005,2009,0.0,0,0.0,0,0.0,0,3.0,0,,0,0.0,0.0,6.0,,,,,,,,none
15,NJN,Antoine Wright,6,297,5714,3.1,.026,-3.7,-2.4,2005,2011,0.0,0,0.0,0,0.0,0,0.0,0,,0,0.0,0.0,0.0,,,,,,,,none
16,TOR,Joey Graham,6,377,6117,7.8,.061,-3.6,-2.4,2005,2011,0.0,0,0.0,0,0.0,0,0.0,0,,0,0.0,0.0,2.0,,,,,,,,none
17,IND,Danny Granger,10,586,18487,48.5,.126,1.8,17.7,2005,2015,0.0,0,2.0,0,0.0,0,3.0,0,366.0,2009,30.0,1.0,43.0,,,,"2009,2010,2012",,,,second
18,BOS,Gerald Green,12,658,13026,18.4,.068,-1.3,2.4,2005,2017,0.0,0,0.0,0,0.0,0,0.0,0,117.0,0,0.0,0.0,0.0,,,,,,,,none
19,MEM,Hakim Warrick,8,526,10624,20.4,.092,-1.9,0.4,2005,2013,0.0,0,0.0,0,0.0,0,1.0,0,,0,0.0,0.0,0.0,,,,,,,,none
20,DEN,Julius Hodge,2,23,98,0.0,.003,-3.7,0.0,2005,2007,0.0,0,0.0,0,0.0,0,0.0,0,,0,0.0,0.0,0.0,,,,,,,,none
21,PHO,Nate Robinson,11,618,13878,27.8,.096,0.5,8.6,2005,2016,0.0,0,0.0,0,0.0,0,117.0,0,,0,0.0,0.0,7.0,,,,,,,,none
22,DEN,Jarrett Jack,13,867,24140,36.8,.073,-0.9,6.5,2005,2018,0.0,0,0.0,0,0.0,0,173.0,0,2.0,0,0.0,0.0,3.0,,,,,,,,none
23,SAC,Francisco García,10,549,11853,18.2,.074,-0.1,5.7,2005,2015,0.0,0,0.0,0,0.0,0,0.0,0,,0,0.0,0.0,0.0,,,,,,,,none
24,HOU,Luther Head,6,348,7797,14.7,.090,0.1,4.2,2005,2011,0.0,0,2.0,0,0.0,0,4.0,0,,0,0.0,0.0,28.0,,,,,,,,second
25,SEA,Johan Petro,8,473,7262,5.5,.037,-4.6,-4.6,2005,2013,0.0,0,0.0,0,0.0,0,0.0,0,,0,0.0,0.0,6.0,,,,,,,,none
26,DET,Jason Maxiell,10,618,11379,20.3,.086,-2.5,-1.4,2005,2015,0.0,0,0.0,0,0.0,0,11.0,0,3.0,0,0.0,0.0,0.0,,,,,,,,none
27,POR,Linas Kleiza,7,409,8185,13.6,.080,-2.3,-0.7,2005,2012,0.0,0,0.0,0,0.0,0,5.0,0,3.0,0,0.0,0.0,0.0,,,,,,,,none
28,SAS,Ian Mahinmi,12,618,10353,26.1,.121,-2.0,0.1,2005,2017,0.0,0,0.0,0,0.0,0,0.0,0,3.0,0,0.0,0.0,0.0,,,,,,,,none
29,MIA,Wayne Simien,2,51,507,0.9,.083,-4.4,-0.3,2005,2007,0.0,0,0.0,0,0.0,0,0.0,0,,0,0.0,0.0,0.0,,,,,,,,none
30,NYK,David Lee,12,829,24293,76.0,.150,1.1,19.2,2005,2017,1.0,0,0.0,0,1.0,0,25.0,0,44.0,0,127.0,3.0,0.0,,,2013,"2009,2010,2012,2013",,,2013,none
31,ATL,Salim Stoudamire,3,157,2672,2.2,.040,-2.9,-0.6,2005,2008,0.0,0,0.0,0,0.0,0,0.0,0,,0,0.0,0.0,1.0,,,,,,,,none
32,LAC,Daniel Ewing,2,127,1683,0.8,.024,-3.0,-0.4,2005,2007,0.0,0,0.0,0,0.0,0,0.0,0,,0,0.0,0.0,0.0,,,,,,,,none
33,NOH,Brandon Bass,12,758,16410,42.8,.125,-0.8,5.1,2005,2017,0.0,0,0.0,0,0.0,0,0.0,0,4.0,0,0.0,0.0,0.0,,,,,,,,none
34,UTA,C.J. Miles,16,849,17284,30.1,.084,-0.4,6.9,2005,2021,0.0,0,0.0,0,0.0,0,0.0,0,,0,0.0,0.0,0.0,,,,,,,,none
35,POR,Ricky Sánchez,0,,,,,,,2005,2005,0.0,0,0.0,0,0.0,0,0.0,0,,0,0.0,0.0,0.0,,,,,,,,none
36,MIL,Ersan İlyasova,13,825,18957,48.8,.124,-0.1,9.0,2005,2018,0.0,0,0.0,0,0.0,0,0.0,0,163.0,0,0.0,1.0,0.0,,,,,,,,none
37,LAL,Ronny Turiaf,10,473,8020,19.2,.115,0.3,4.7,2005,2015,0.0,0,0.0,0,2.0,0,0.0,0,,0,0.0,0.0,0.0,,,,,,,,none
38,ORL,Travis Diener,5,179,2660,5.6,.102,-0.4,1.1,2005,2010,0.0,0,0.0,0,0.0,0,0.0,0,,0,0.0,0.0,0.0,,,,,,,,none
39,LAL,Von Wafer,6,200,2475,3.3,.064,-1.8,0.1,2005,2011,0.0,0,0.0,0,0.0,0,0.0,0,12.0,0,0.0,0.0,0.0,,,,,,,,none
40,GSW,Monta Ellis,12,833,29011,41.9,.069,-0.3,12.4,2005,2017,0.0,0,0.0,0,0.0,0,0.0,0,360.0,2007,14.0,1.0,0.0,,,,"2011,2012,2014",,,,none
41,TOR,Roko Ukić,2,85,987,-0.2,-.007,-4.3,-0.6,2005,2007,0.0,0,0.0,0,0.0,0,0.0,0,,0,0.0,0.0,0.0,,,,,,,,none
42,GSW,Chris Taft,1,17,144,0.5,.155,-0.7,0.0,2005,2006,0.0,0,0.0,0,0.0,0,0.0,0,,0,0.0,0.0,0.0,,,,,,,,none
43,NJN,Mile Ilić,1,5,6,-0.2,-1.264,-52.0,-0.1,2005,2006,0.0,0,0.0,0,0.0,0,0.0,0,,0,0.0,0.0,0.0,,,,,,,,none
44,ORL,Martynas Andriuškevičius,1,6,9,0.0,.155,5.2,0.0,2005,2006,0.0,0,0.0,0,0.0,0,0.0,0,,0,0.0,0.0,0.0,,,,,,,,none
45,PHI,Lou Williams,17,1123,27104,65.7,.116,1.4,23.2,2005,2022,0.0,0,0.0,0,0.0,0,1949.0,2015,16.0,0,1.0,0.0,0.0,,,,2019,,,,none
46,IND,Erazem Lorbek,0,,,,,,,2005,2005,0.0,0,0.0,0,0.0,0,0.0,0,,0,0.0,0.0,0.0,,,,,,,,none
47,MIN,Bracey Wright,2,26,325,0.5,.068,-1.6,0.0,2005,2007,0.0,0,0.0,0,0.0,0,0.0,0,,0,0.0,0.0,0.0,,,,,,,,none
48,SEA,Mickaël Gelabale,3,145,2348,3.0,.062,-2.1,0.0,2005,2008,0.0,0,0.0,0,0.0,0,0.0,0,,0,0.0,0.0,0.0,,,,,,,,none
49,WAS,Andray Blatche,9,564,12462,19.2,.074,-0.8,3.8,2005,2014,0.0,0,0.0,0,0.0,0,1.0,0,17.0,0,0.0,0.0,0.0,,,,,,,,none
50,BOS,Ryan Gomes,8,487,13463,19.4,.069,-1.6,1.4,2005,2013,0.0,0,1.0,0,0.0,0,0.0,0,,0,0.0,0.0,14.0,,,,,,,,second
51,UTA,Robert Whaley,1,23,212,0.0,.004,-5.1,-0.2,2005,2006,0.0,0,0.0,0,0.0,0,0.0,0,,0,0.0,0.0,0.0,,,,,,,,none
52,DEN,Axel Hervelle,0,,,,,,,2005,2005,0.0,0,0.0,0,0.0,0,0.0,0,,0,0.0,0.0,0.0,,,,,,,,none
53,BOS,Orien Greene,4,131,1555,-0.7,-.022,-4.6,-1.0,2005,2009,0.0,0,0.0,0,0.0,0,0.0,0,,0,0.0,0.0,0.0,,,,,,,,none
54,NYK,Dijon Thompson,2,16,93,0.2,.102,-0.5,0.0,2005,2007,0.0,0,0.0,0,0.0,0,0.0,0,,0,0.0,0.0,0.0,,,,,,,,none
55,SEA,Lawrence Roberts,2,87,1150,2.5,.106,-1.9,0.0,2005,2007,0.0,0,0.0,0,0.0,0,0.0,0,,0,0.0,0.0,0.0,,,,,,,,none
56,DET,Amir Johnson,14,870,18323,55.3,.145,0.3,10.6,2005,2019,0.0,0,0.0,0,0.0,0,0.0,0,,0,0.0,0.0,0.0,,,,,,,,none
57,PHO,Marcin Gortat,12,806,20691,61.3,.142,0.4,12.7,2005,2017,0.0,0,0.0,0,0.0,0,11.0,0,7.0,0,2.0,0.0,0.0,,,,2012,,,,none
58,TOR,Uroš Slokar,1,20,72,0.1,.042,-5.6,-0.1,2005,2006,0.0,0,0.0,0,0.0,0,0.0,0,,0,0.0,0.0,0.0,,,,,,,,none
59,ATL,Cenk Akyol,0,,,,,,,2005,2005,0.0,0,0.0,0,0.0,0,0.0,0,,0,0.0,0.0,0.0,,,,,,,,none
60,DET,Alex Acker,2,30,234,-0.2,-.043,-5.3,-0.2,2005,2007,0.0,0,0.0,0,0.0,0,0.0,0,,0,0.0,0.0,0.0,,,,,,,,none
1,TOR,Andrea Bargnani,10,550,15806,18.9,.057,-1.6,1.5,2006,2016,0.0,0,264.0,0,0.0,0,0.0,0,1.0,0,2.0,0.0,57.0,,,,2011,,,,first
2,CHI,LaMarcus Aldridge,16,1076,36242,115.6,.153,1.7,33.4,2006,2022,38.0,0,18.0,0,1.0,0,0.0,0,289.0,0,948.0,4.0,37.0,,"2015,2018","2011,2016","2009,2011,2013,2015,2016,2017,2018,2019",,,"2014,2015,2018",first
3,CHA,Adam Morrison,3,161,3278,-1.4,-.021,-5.0,-2.4,2006,2009,0.0,0,44.0,0,0.0,0,0.0,0,,0,0.0,0.0,35.0,,,,,,,,second
4,POR,Tyrus Thomas,8,402,7932,13.0,.078,-1.2,1.7,2006,2014,0.0,0,10.0,0,0.0,0,0.0,0,1.0,0,0.0,0.0,26.0,,,,,,,,second
5,ATL,Shelden Williams,6,361,5586,9.9,.085,-3.0,-1.5,2006,2012,0.0,0,0.0,0,0.0,0,0.0,0,,0,0.0,0.0,4.0,,,,,,,,none
6,MIN,Brandon Roy,6,326,11561,37.4,.155,3.6,16.3,2006,2012,7.0,0,638.0,2007,0.0,0,0.0,0,10.0,0,277.0,3.0,58.0,,2009,2010,"2008,2009,2010",,,2009,first
7,BOS,Randy Foye,11,752,19279,23.5,.058,-1.2,3.8,2006,2017,0.0,0,37.0,0,0.0,0,0.0,0,,0,0.0,0.0,48.0,,,,,,,,first
8,HOU,Rudy Gay,17,1120,34561,61.0,.085,0.6,22.4,2006,2023,0.0,0,93.0,0,0.0,0,0.0,0,167.0,0,14.0,0.0,39.0,,,,"2012,2013,2015",,,,first
9,GSW,Patrick O'Bryant,4,90,524,0.5,.046,-4.6,-0.3,2006,2010,0.0,0,0.0,0,0.0,0,0.0,0,,0,0.0,0.0,0.0,,,,,,,,none
10,SEA,Mouhamed Sene,3,47,260,0.3,.052,-5.1,-0.2,2006,2009,0.0,0,0.0,0,0.0,0,0.0,0,,0,0.0,0.0,0.0,,,,,,,,none
11,ORL,JJ Redick,15,940,23964,63.7,.128,0.6,16.0,2006,2021,0.0,0,0.0,0,0.0,0,2.0,0,4.0,0,0.0,0.0,0.0,,,,,,,,none
12,NOK,Hilton Armstrong,6,292,3378,3.9,.055,-4.1,-1.8,2006,2012,0.0,0,0.0,0,0.0,0,0.0,0,,0,0.0,0.0,0.0,,,,,,,,none
13,PHI,Thabo Sefolosha,14,869,19062,39.3,.099,0.6,12.4,2006,2020,0.0,0,0.0,0,24.0,0,0.0,0,,0,0.0,47.0,1.0,,,,,,2010,,none
14,UTA,Ronnie Brewer,8,502,11539,30.4,.127,1.6,10.6,2006,2014,0.0,0,0.0,0,0.0,0,0.0,0,14.0,0,0.0,7.0,0.0,,,,,,,,none
15,NOK,Cedric Simmons,3,75,705,0.1,.005,-5.0,-0.5,2006,2009,0.0,0,0.0,0,0.0,0,0.0,0,,0,0.0,0.0,0.0,,,,,,,,none
16,CHI,Rodney Carney,5,299,4600,6.2,.064,-1.6,0.5,2006,2011,0.0,0,0.0,0,0.0,0,0.0,0,,0,0.0,0.0,5.0,,,,,,,,none
17,IND,Shawne Williams,7,314,5368,6.7,.060,-2.2,-0.3,2006,2013,0.0,0,0.0,0,0.0,0,0.0,0,,0,0.0,0.0,0.0,,,,,,,,none
18,WAS,Oleksiy Pecherov,3,111,1044,0.5,.025,-4.8,-0.7,2006,2009,0.0,0,0.0,0,0.0,0,0.0,0,,0,0.0,0.0,0.0,,,,,,,,none
19,SAC,Quincy Douby,3,143,1535,0.0,.000,-3.5,-0.6,2006,2009,0.0,0,0.0,0,0.0,0,0.0,0,,0,0.0,0.0,0.0,,,,,,,,none
20,NYK,Renaldo Balkman,6,221,3064,7.2,.113,0.1,1.6,2006,2012,0.0,0,0.0,0,0.0,0,0.0,0,,0,0.0,0.0,5.0,,,,,,,,none
21,PHO,Rajon Rondo,16,957,28571,61.8,.104,1.2,23.2,2006,2022,17.0,0,3.0,0,109.0,0,0.0,0,118.0,0,192.0,154.0,10.0,,,2012,"2009,2010,2012,2013","2010,2011","2009,2012","2011,2012",none
22,NJN,Marcus Williams,4,203,3095,0.0,-.001,-3.3,-1.0,2006,2010,0.0,0,0.0,0,0.0,0,0.0,0,,0,0.0,0.0,10.0,,,,,,,,none
23,NJN,Josh Boone,4,256,4482,9.1,.097,-2.0,0.0,2006,2010,0.0,0,0.0,0,0.0,0,0.0,0,,0,0.0,0.0,1.0,,,,,,,,none
24,MEM,Kyle Lowry,20,1180,36743,112.6,.147,2.7,43.3,2006,2026,6.0,0,0.0,0,2.0,0,1.0,0,97.0,0,215.0,94.0,0.0,,,2016,"2014,2015,2016,2018,2019,2020",,,2016,none
25,CLE,Shannon Brown,9,408,7329,9.2,.060,-1.5,1.0,2006,2015,0.0,0,0.0,0,0.0,0,0.0,0,,0,0.0,0.0,0.0,,,,,,,,none
26,LAL,Jordan Farmar,10,504,9840,13.9,.068,-0.5,3.7,2006,2016,0.0,0,0.0,0,0.0,0,5.0,0,,0,0.0,0.0,1.0,,,,,,,,none
27,PHO,Sergio Rodríguez,5,353,5281,4.3,.039,-2.0,0.1,2006,2011,0.0,0,0.0,0,0.0,0,0.0,0,,0,0.0,0.0,1.0,,,,,,,,none
28,DAL,Maurice Ager,4,82,505,-0.9,-.089,-9.4,-0.9,2006,2010,0.0,0,0.0,0,0.0,0,0.0,0,,0,0.0,0.0,0.0,,,,,,,,none
29,NYK,Mardy Collins,4,189,2771,-1.6,-.027,-4.4,-1.7,2006,2010,0.0,0,0.0,0,0.0,0,0.0,0,,0,0.0,0.0,0.0,,,,,,,,none
30,POR,Joel Freeland,3,151,1821,3.2,.084,-3.3,-0.6,2006,2009,0.0,0,0.0,0,0.0,0,0.0,0,,0,0.0,0.0,0.0,,,,,,,,none
31,POR,James White,3,67,583,0.8,.062,-3.2,-0.2,2006,2009,0.0,0,0.0,0,0.0,0,0.0,0,,0,0.0,0.0,0.0,,,,,,,,none
32,HOU,Steve Novak,11,467,5657,14.5,.123,0.8,4.0,2006,2017,0.0,0,0.0,0,0.0,0,0.0,0,12.0,0,0.0,0.0,0.0,,,,,,,,none
33,ATL,Solomon Jones,8,281,3092,5.0,.078,-4.0,-1.6,2006,2014,0.0,0,0.0,0,0.0,0,0.0,0,,0,0.0,0.0,0.0,,,,,,,,none
34,LAC,Paul Davis,4,82,702,0.5,.035,-4.2,-0.4,2006,2010,0.0,0,0.0,0,0.0,0,0.0,0,,0,0.0,0.0,0.0,,,,,,,,none
35,TOR,P.J. Tucker,14,886,24993,43.3,.083,-1.0,6.4,2006,2020,0.0,0,0.0,0,6.0,0,0.0,0,,0,0.0,101.0,0.0,,,,,,,,none
36,MIN,Craig Smith,6,403,6826,16.0,.113,-1.2,1.4,2006,2012,0.0,0,4.0,0,0.0,0,0.0,0,,0,0.0,0.0,21.0,,,,,,,,second
37,MIN,Bobby Jones,2,91,867,1.1,.060,-4.1,-0.5,2006,2008,0.0,0,0.0,0,0.0,0,0.0,0,,0,0.0,0.0,0.0,,,,,,,,none
38,GSW,Kosta Perović,1,7,38,0.0,.060,-5.9,0.0,2006,2007,0.0,0,0.0,0,0.0,0,0.0,0,,0,0.0,0.0,0.0,,,,,,,,none
39,MIL,David Noel,1,68,792,0.4,.024,-3.1,-0.2,2006,2007,0.0,0,0.0,0,0.0,0,0.0,0,,0,0.0,0.0,0.0,,,,,,,,none
40,SEA,Denham Brown,0,,,,,,,2006,2006,0.0,0,0.0,0,0.0,0,0.0,0,,0,0.0,0.0,0.0,,,,,,,,none
41,ORL,James Augustine,2,27,156,0.3,.101,-2.7,0.0,2006,2008,0.0,0,0.0,0,0.0,0,0.0,0,,0,0.0,0.0,0.0,,,,,,,,none
42,CLE,Daniel Gibson,7,397,9316,16.0,.082,-1.0,2.4,2006,2013,0.0,0,0.0,0,0.0,0,0.0,0,,0,0.0,0.0,1.0,,,,,,,,none
43,NOK,Marcus Vinicius,2,26,172,0.2,.056,-3.0,0.0,2006,2008,0.0,0,0.0,0,0.0,0,0.0,0,,0,0.0,0.0,0.0,,,,,,,,none
44,ORL,Lior Eliyahu,0,,,,,,,2006,2006,0.0,0,0.0,0,0.0,0,0.0,0,,0,0.0,0.0,0.0,,,,,,,,none
45,IND,Alexander Johnson,2,102,1302,1.5,.056,-4.6,-0.9,2006,2008,0.0,0,0.0,0,0.0,0,0.0,0,,0,0.0,0.0,0.0,,,,,,,,none
46,UTA,Dee Brown,2,68,711,0.1,.008,-3.0,-0.2,2006,2008,0.0,0,0.0,0,0.0,0,2.0,0,1.0,0,0.0,0.0,0.0,,,,,,,,none
47,UTA,Paul Millsap,16,1085,30498,95.4,.150,1.9,29.9,2006,2022,0.0,0,19.0,0,21.0,0,16.0,0,81.0,0,162.0,146.0,36.0,,,,"2009,2012,2014,2015,2016,2017",,2016,,second
48,WAS,Vladimir Veremeenko,0,,,,,,,2006,2006,0.0,0,0.0,0,0.0,0,0.0,0,,0,0.0,0.0,0.0,,,,,,,,none
49,DEN,Leon Powe,5,239,3320,12.0,.174,-1.6,0.3,2006,2011,0.0,0,0.0,0,0.0,0,0.0,0,,0,0.0,0.0,0.0,,,,,,,,none
50,CHA,Ryan Hollins,10,518,6134,10.4,.081,-4.1,-3.2,2006,2016,0.0,0,0.0,0,0.0,0,0.0,0,,0,0.0,0.0,0.0,,,,,,,,none
51,LAL,Cheikh Samb,2,22,114,-0.1,-.056,-9.1,-0.2,2006,2008,0.0,0,0.0,0,0.0,0,0.0,0,,0,0.0,0.0,0.0,,,,,,,,none
52,LAC,Guillermo Díaz,1,6,18,0.0,.033,-2.9,0.0,2006,2007,0.0,0,0.0,0,0.0,0,0.0,0,,0,0.0,0.0,0.0,,,,,,,,none
53,SEA,Yotam Halperin,0,,,,,,,2006,2006,0.0,0,0.0,0,0.0,0,0.0,0,,0,0.0,0.0,0.0,,,,,,,,none
54,NJN,Hassan Adams,2,73,547,0.8,.072,-2.3,0.0,2006,2008,0.0,0,0.0,0,0.0,0,0.0,0,,0,0.0,0.0,0.0,,,,,,,,none
55,CLE,Ejike Ugboaja,0,,,,,,,2006,2006,0.0,0,0.0,0,0.0,0,0.0,0,,0,0.0,0.0,0.0,,,,,,,,none
56,TOR,Edin Bavčić,0,,,,,,,2006,2006,0.0,0,0.0,0,0.0,0,0.0,0,,0,0.0,0.0,0.0,,,,,,,,none
57,MIN,Loukas Mavrokefalidis,0,,,,,,,2006,2006,0.0,0,0.0,0,0.0,0,0.0,0,,0,0.0,0.0,0.0,,,,,,,,none
58,DAL,J.R. Pinnock,0,,,,,,,2006,2006,0.0,0,0.0,0,0.0,0,0.0,0,,0,0.0,0.0,0.0,,,,,,,,none
59,SAS,Damir Markota,1,30,170,-0.2,-.070,-8.5,-0.3,2006,2007,0.0,0,0.0,0,0.0,0,0.0,0,,0,0.0,0.0,0.0,,,,,,,,none
60,DET,Will Blalock,1,14,166,-0.1,-.032,-5.8,-0.2,2006,2007,0.0,0,0.0,0,0.0,0,0.0,0,,0,0.0,0.0,0.0,,,,,,,,none
1,POR,Greg Oden,3,105,2028,7.3,.174,-0.4,0.8,2007,2010,0.0,0,0.0,0,0.0,0,0.0,0,,0,0.0,0.0,3.0,,,,,,,,none
2,SEA,Kevin Durant,18,1172,43036,181.9,.203,6.3,90.2,2007,2026,3927.0,2014,545.0,2008,7.0,0,0.0,0,193.0,0,3882.0,57.0,57.0,"2010,2011,2012,2013,2018","2017,2019,2022,2024",,"2009,2010,2011,2012,2013,2017,2018,2019,2021,2022,2023,2024",,,"2010,2011,2012,2013,2014,2016,2017,2018,2019,2022,2024",first
3,ATL,Al Horford,19,1171,36593,118.9,.156,2.9,44.9,2007,2026,0.0,0,390.0,0,41.0,0,0.0,0,,0,285.0,107.0,58.0,,,2011,"2010,2011,2013,2015,2016,2017,2018",,2018,,first
4,MEM,Mike Conley,19,1216,37409,107.2,.138,2.3,40.7,2007,2026,1.0,0,1.0,0,3.0,0,0.0,0,28.0,0,11.0,57.0,8.0,,,,"2013,2014,2015,2019",,2013,2014,none
5,BOS,Jeff Green,18,1235,33339,56.1,.081,-1.4,4.7,2007,2025,0.0,0,0.0,0,0.0,0,0.0,0,1.0,0,0.0,0.0,43.0,,,,,,,,first
6,MIL,Yi Jianlian,5,272,6038,3.1,.025,-4.3,-3.5,2007,2012,0.0,0,0.0,0,0.0,0,0.0,0,,0,0.0,0.0,13.0,,,,,,,,none
7,MIN,Corey Brewer,13,819,18771,22.5,.058,-1.6,2.0,2007,2020,0.0,0,0.0,0,0.0,0,16.0,0,19.0,0,0.0,3.0,3.0,,,,,,,,none
8,CHA,Brandan Wright,10,428,6949,26.2,.181,2.3,7.5,2007,2017,0.0,0,0.0,0,0.0,0,0.0,0,3.0,0,0.0,0.0,0.0,,,,,,,,none
9,CHI,Joakim Noah,13,672,18646,61.9,.159,2.5,20.9,2007,2020,323.0,0,0.0,0,683.0,2014,0.0,0,67.0,0,617.0,262.0,17.0,2014,,,"2011,2012,2013,2014,2015",2014,2011,"2013,2014",none
10,SAC,Spencer Hawes,10,684,15541,22.6,.070,-1.1,3.4,2007,2017,0.0,0,0.0,0,0.0,0,0.0,0,,0,0.0,0.0,0.0,,,,,,,,none
11,ATL,Acie Law,4,188,2385,1.6,.032,-3.9,-1.1,2007,2011,0.0,0,0.0,0,0.0,0,0.0,0,,0,0.0,0.0,1.0,,,,,,,,none
12,PHI,Thaddeus Young,17,1172,33012,71.9,.105,0.5,20.7,2007,2024,0.0,0,2.0,0,0.0,0,88.0,0,20.0,0,0.0,2.0,23.0,,,,,,,,second
13,NOK,Julian Wright,4,231,3049,3.9,.061,-0.5,1.2,2007,2011,0.0,0,0.0,0,0.0,0,0.0,0,,0,0.0,0.0,2.0,,,,,,,,none
14,LAC,Al Thornton,4,296,8274,6.1,.035,-3.5,-3.2,2007,2011,0.0,0,30.0,0,0.0,0,0.0,0,,0,0.0,0.0,48.0,,,,,,,,first
15,DET,Rodney Stuckey,10,651,17890,28.7,.077,-0.9,4.9,2007,2017,0.0,0,0.0,0,0.0,0,0.0,0,,0,0.0,0.0,22.0,,,,,,,,second
16,WAS,Nick Young,12,720,16419,18.6,.054,-2.2,-0.8,2007,2019,0.0,0,0.0,0,0.0,0,3.0,0,5.0,0,0.0,0.0,10.0,,,,,,,,none
17,NJN,Sean Williams,4,137,1978,3.0,.073,-3.1,-0.6,2007,2011,0.0,0,0.0,0,0.0,0,0.0,0,,0,0.0,0.0,3.0,,,,,,,,none
18,GSW,Marco Belinelli,13,860,19548,30.5,.075,-1.3,3.3,2007,2020,0.0,0,0.0,0,0.0,0,3.0,0,,0,0.0,0.0,0.0,,,,,,,,none
19,LAL,Javaris Crittenton,2,113,1853,0.1,.002,-4.2,-1.0,2007,2009,0.0,0,0.0,0,0.0,0,0.0,0,,0,0.0,0.0,0.0,,,,,,,,none
20,MIA,Jason Smith,11,616,10029,14.1,.067,-2.9,-2.4,2007,2018,0.0,0,0.0,0,0.0,0,0.0,0,,0,0.0,0.0,0.0,,,,,,,,none
21,PHI,Daequan Cook,6,328,5993,4.9,.039,-2.7,-1.1,2007,2013,0.0,0,0.0,0,0.0,0,0.0,0,,0,0.0,0.0,1.0,,,,,,,,none
22,CHA,Jared Dudley,14,904,20117,43.0,.103,0.2,11.0,2007,2021,0.0,0,0.0,0,0.0,0,1.0,0,1.0,0,0.0,1.0,2.0,,,,,,,,none
23,NYK,Wilson Chandler,12,676,20287,29.0,.069,-1.3,3.5,2007,2019,0.0,0,0.0,0,0.0,0,0.0,0,5.0,0,0.0,0.0,1.0,,,,,,,,none
24,PHO,Rudy Fernández,4,249,5965,14.2,.114,1.7,5.6,2007,2011,0.0,0,3.0,0,0.0,0,0.0,0,,0,0.0,0.0,0.0,,,,,,,,none
25,UTA,Morris Almond,3,38,361,0.0,.005,-6.1,-0.4,2007,2010,0.0,0,0.0,0,0.0,0,0.0,0,,0,0.0,0.0,0.0,,,,,,,,none
26,HOU,Aaron Brooks,10,645,13439,19.2,.069,-1.2,2.7,2007,2017,0.0,0,0.0,0,0.0,0,1.0,0,407.0,2010,0.0,0.0,1.0,,,,,,,,none
27,DET,Arron Afflalo,11,762,20829,33.5,.077,-1.5,2.4,2007,2018,0.0,0,0.0,0,1.0,0,0.0,0,19.0,0,0.0,8.0,0.0,,,,,,,,none
28,SAS,Tiago Splitter,7,355,6812,25.3,.178,1.1,5.4,2007,2014,0.0,0,0.0,0,0.0,0,0.0,0,,0,0.0,0.0,3.0,,,,,,,,none
29,PHO,Alando Tucker,3,51,426,0.4,.045,-4.5,-0.3,2007,2010,0.0,0,0.0,0,0.0,0,0.0,0,,0,0.0,0.0,0.0,,,,,,,,none
30,PHI,Petteri Koponen,0,,,,,,,2007,2007,0.0,0,0.0,0,0.0,0,0.0,0,,0,0.0,0.0,0.0,,,,,,,,none
31,SEA,Carl Landry,9,513,11524,35.9,.149,-0.3,5.0,2007,2016,0.0,0,1.0,0,0.0,0,19.0,0,18.0,0,0.0,0.0,18.0,,,,,,,,second
32,BOS,Gabe Pruitt,2,62,461,0.4,.043,-2.8,-0.1,2007,2009,0.0,0,0.0,0,0.0,0,0.0,0,,0,0.0,0.0,0.0,,,,,,,,none
33,SAS,Marcus Williams,2,13,39,-0.1,-.084,-5.4,0.0,2007,2009,0.0,0,0.0,0,0.0,0,0.0,0,,0,0.0,0.0,10.0,,,,,,,,none
34,DAL,Nick Fazekas,1,26,269,0.8,.148,0.5,0.2,2007,2008,0.0,0,0.0,0,0.0,0,0.0,0,,0,0.0,0.0,0.0,,,,,,,,none
35,SEA,Glen Davis,8,514,10865,18.6,.082,-2.6,-1.7,2007,2015,0.0,0,0.0,0,0.0,0,75.0,0,5.0,0,0.0,0.0,3.0,,,,,,,,none
36,GSW,Jermareo Davidson,2,52,433,0.0,.000,-5.2,-0.3,2007,2009,0.0,0,0.0,0,0.0,0,0.0,0,,0,0.0,0.0,0.0,,,,,,,,none
37,POR,Josh McRoberts,11,433,8271,18.5,.107,0.3,4.7,2007,2018,0.0,0,0.0,0,0.0,0,0.0,0,,0,0.0,0.0,0.0,,,,,,,,none
38,PHI,Kyrylo Fesenko,5,135,1107,0.9,.038,-5.7,-1.1,2007,2012,0.0,0,0.0,0,0.0,0,0.0,0,,0,0.0,0.0,0.0,,,,,,,,none
39,MIA,Stanko Barać,0,,,,,,,2007,2007,0.0,0,0.0,0,0.0,0,0.0,0,,0,0.0,0.0,0.0,,,,,,,,none
40,LAL,Sun Yue,1,10,28,-0.1,-.226,-19.4,-0.1,2007,2008,0.0,0,0.0,0,0.0,0,0.0,0,,0,0.0,0.0,0.0,,,,,,,,none
41,MIN,Chris Richard,2,70,780,0.7,.045,-5.7,-0.7,2007,2009,0.0,0,0.0,0,0.0,0,0.0,0,,0,0.0,0.0,0.0,,,,,,,,none
42,POR,Derrick Byars,1,2,37,0.1,.147,-4.7,0.0,2007,2008,0.0,0,0.0,0,0.0,0,0.0,0,,0,0.0,0.0,0.0,,,,,,,,none
43,NOK,Adam Haluska,0,,,,,,,2007,2007,0.0,0,0.0,0,0.0,0,0.0,0,,0,0.0,0.0,0.0,,,,,,,,none
44,ORL,Reyshawn Terry,0,,,,,,,2007,2007,0.0,0,0.0,0,0.0,0,0.0,0,,0,0.0,0.0,0.0,,,,,,,,none
45,LAC,Jared Jordan,0,,,,,,,2007,2007,0.0,0,0.0,0,0.0,0,0.0,0,,0,0.0,0.0,0.0,,,,,,,,none
46,GSW,Stéphane Lasme,1,16,303,0.3,.041,-4.4,-0.2,2007,2008,0.0,0,0.0,0,0.0,0,0.0,0,,0,0.0,0.0,0.0,,,,,,,,none
47,WAS,Dominic McGuire,6,342,5348,4.1,.037,-2.1,-0.1,2007,2013,0.0,0,0.0,0,0.0,0,0.0,0,,0,0.0,0.0,0.0,,,,,,,,none
48,LAL,Marc Gasol,13,891,28719,85.3,.143,3.1,36.5,2007,2020,4.0,0,4.0,0,228.0,2013,0.0,0,107.0,0,869.0,32.0,25.0,2015,2013,,"2011,2012,2013,2014,2015,2016,2017",,,"2013,2015",second
49,CHI,Aaron Gray,7,318,3851,6.2,.077,-3.6,-1.5,2007,2014,0.0,0,0.0,0,0.0,0,0.0,0,,0,0.0,0.0,0.0,,,,,,,,none
50,DAL,Renaldas Seibutis,0,,,,,,,2007,2007,0.0,0,0.0,0,0.0,0,0.0,0,,0,0.0,0.0,0.0,,,,,,,,none
51,CHI,JamesOn Curry,1,1,0,0.0,,,0.0,2007,2008,0.0,0,0.0,0,0.0,0,0.0,0,,0,0.0,0.0,0.0,,,,,,,,none
52,POR,Taurean Green,1,17,74,-0.1,-.066,-7.5,-0.1,2007,2008,0.0,0,0.0,0,0.0,0,0.0,0,,0,0.0,0.0,0.0,,,,,,,,none
53,POR,Demetris Nichols,2,18,58,-0.2,-.203,-10.3,-0.1,2007,2009,0.0,0,0.0,0,0.0,0,0.0,0,,0,0.0,0.0,0.0,,,,,,,,none
54,HOU,Brad Newley,0,,,,,,,2007,2007,0.0,0,0.0,0,0.0,0,0.0,0,,0,0.0,0.0,0.0,,,,,,,,none
55,UTA,Herbert Hill,0,,,,,,,2007,2007,0.0,0,0.0,0,0.0,0,0.0,0,,0,0.0,0.0,0.0,,,,,,,,none
56,MIL,Ramon Sessions,11,691,16119,28.8,.086,-0.7,5.2,2007,2018,0.0,0,0.0,0,0.0,0,2.0,0,,0,0.0,0.0,0.0,,,,,,,,none
57,DET,Sammy Mejia,0,,,,,,,2007,2007,0.0,0,0.0,0,0.0,0,0.0,0,,0,0.0,0.0,0.0,,,,,,,,none
58,SAS,Georgios Printezis,0,,,,,,,2007,2007,0.0,0,0.0,0,0.0,0,0.0,0,,0,0.0,0.0,0.0,,,,,,,,none
59,PHO,D.J. Strawberry,1,33,270,-0.2,-.031,-5.6,-0.2,2007,2008,0.0,0,0.0,0,0.0,0,0.0,0,,0,0.0,0.0,0.0,,,,,,,,none
60,DAL,Milovan Raković,0,,,,,,,2007,2007,0.0,0,0.0,0,0.0,0,0.0,0,,0,0.0,0.0,0.0,,,,,,,,none
1,CHI,Derrick Rose,15,723,22054,44.6,.097,1.2,18.2,2008,2023,1197.0,2011,574.0,2009,0.0,0,93.0,0,77.0,0,653.0,15.0,58.0,2011,,,"2009,2010,2011,2012",,,"2011,2012,2021",first
2,MIA,Michael Beasley,11,609,13903,15.6,.054,-1.7,0.9,2008,2019,0.0,0,7.0,0,0.0,0,1.0,0,1.0,0,0.0,0.0,44.0,,,,,,,,first
3,MIN,O.J. Mayo,8,547,16919,21.8,.062,-0.9,4.7,2008,2016,0.0,0,246.0,0,0.0,0,21.0,0,,0,0.0,0.0,58.0,,,,,,,,first
4,SEA,Russell Westbrook,18,1289,42694,112.8,.127,3.5,59.0,2008,2026,1828.0,2017,73.0,0,4.0,0,7.0,0,116.0,0,2308.0,132.0,53.0,"2016,2017","2011,2012,2013,2018",2020,"2011,2012,2013,2014,2016,2017,2018,2020,2021",,,"2012,2013,2015,2016,2017,2018,2019,2021",first
5,MEM,Kevin Love,18,980,27990,95.8,.164,3.2,36.5,2008,2026,83.0,0,16.0,0,0.0,0,215.0,0,408.0,2011,652.0,0.0,34.0,,"2012,2014",,"2011,2012,2014,2015,2018",,,"2012,2014",second
6,NYK,Danilo Gallinari,14,777,22410,65.4,.140,1.7,20.8,2008,2022,0.0,0,0.0,0,0.0,0,0.0,0,13.0,0,7.0,0.0,0.0,,,,2019,,,,none
7,LAC,Eric Gordon,18,931,28958,42.1,.070,-0.8,9.1,2008,2026,0.0,0,22.0,0,0.0,0,604.0,2017,5.0,0,2.0,2.0,39.0,,,,"2011,2019",,,,second
8,MIL,Joe Alexander,2,67,745,0.5,.030,-3.6,-0.3,2008,2010,0.0,0,0.0,0,0.0,0,0.0,0,,0,0.0,0.0,0.0,,,,,,,,none
9,CHA,D.J. Augustin,14,976,22851,47.7,.100,-0.7,7.6,2008,2022,0.0,0,0.0,0,0.0,0,6.0,0,12.0,0,0.0,0.0,17.0,,,,,,,,second
10,NJN,Brook Lopez,18,1151,34359,92.4,.129,1.2,27.8,2008,2026,0.0,0,127.0,0,313.0,0,0.0,0,20.0,0,10.0,260.0,49.0,,,,"2010,2015,2016,2020,2023",2023,2020,,first
11,IND,Jerryd Bayless,11,586,12486,18.6,.072,-1.6,1.1,2008,2019,0.0,0,0.0,0,0.0,0,0.0,0,,0,0.0,0.0,0.0,,,,,,,,none
12,SAC,Jason Thompson,8,588,14819,23.8,.077,-2.6,-2.4,2008,2016,0.0,0,0.0,0,0.0,0,0.0,0,,0,0.0,0.0,7.0,,,,,,,,none
13,POR,Brandon Rush,9,481,10564,11.2,.051,-1.4,1.6,2008,2017,0.0,0,0.0,0,0.0,0,0.0,0,,0,0.0,0.0,0.0,,,,,,,,none
14,GSW,Anthony Randolph,6,252,3841,5.8,.072,-1.6,0.4,2008,2014,0.0,0,0.0,0,0.0,0,0.0,0,,0,0.0,0.0,0.0,,,,,,,,none
15,PHO,Robin Lopez,16,992,20937,49.6,.114,-1.1,4.6,2008,2024,0.0,0,3.0,0,0.0,0,0.0,0,9.0,0,0.0,0.0,2.0,,,,,,,,none
16,PHI,Marreese Speights,10,705,10640,25.8,.116,-2.2,-0.6,2008,2018,0.0,0,0.0,0,0.0,0,20.0,0,1.0,0,0.0,0.0,3.0,,,,,,,,none
17,TOR,Roy Hibbert,9,662,16389,35.9,.105,-1.1,3.5,2008,2017,0.0,0,0.0,0,202.0,0,0.0,0,16.0,0,31.0,82.0,0.0,,,,"2012,2013,2014",,2014,,none
18,WAS,JaVale McGee,16,909,14676,43.7,.143,0.0,7.3,2008,2024,0.0,0,0.0,0,5.0,0,0.0,0,,0,0.0,0.0,0.0,,,,,,,,none
19,CLE,J.J. Hickson,8,534,11925,21.9,.088,-1.8,0.5,2008,2016,0.0,0,0.0,0,0.0,0,0.0,0,1.0,0,1.0,0.0,0.0,,,,2013,,,,none
20,CHA,Alexis Ajinça,7,293,3905,7.5,.093,-2.8,-0.8,2008,2015,0.0,0,0.0,0,0.0,0,0.0,0,,0,0.0,0.0,0.0,,,,,,,,none
21,NJN,Ryan Anderson,12,649,16769,46.7,.134,1.0,12.8,2008,2020,0.0,0,0.0,0,0.0,0,54.0,0,265.0,2012,0.0,0.0,0.0,,,,,,,,none
22,ORL,Courtney Lee,12,811,21938,39.3,.086,-0.6,7.9,2008,2020,0.0,0,2.0,0,0.0,0,0.0,0,,0,0.0,0.0,12.0,,,,,,,,none
23,UTA,Kosta Koufos,11,686,11271,28.3,.120,-1.3,2.0,2008,2019,0.0,0,0.0,0,0.0,0,0.0,0,,0,0.0,0.0,0.0,,,,,,,,none
24,SEA,Serge Ibaka,14,919,25127,73.0,.139,0.5,15.7,2008,2022,0.0,0,0.0,0,507.0,0,0.0,0,35.0,0,10.0,275.0,6.0,,,,"2012,2013,2014","2012,2013,2014",,,none
25,HOU,Nicolas Batum,18,1182,33628,74.9,.107,1.4,28.8,2008,2026,0.0,0,1.0,0,0.0,0,0.0,0,,0,0.0,14.0,0.0,,,,,,,,none
26,SAS,George Hill,15,915,24501,71.0,.139,1.1,19.4,2008,2023,0.0,0,0.0,0,0.0,0,36.0,0,102.0,0,0.0,9.0,0.0,,,,,,,,none
27,NOH,Darrell Arthur,9,503,8945,12.3,.066,-2.2,-0.4,2008,2017,0.0,0,0.0,0,0.0,0,0.0,0,4.0,0,0.0,0.0,0.0,,,,,,,,none
28,MEM,Donté Greene,4,253,4259,1.5,.017,-2.8,-0.9,2008,2012,0.0,0,0.0,0,0.0,0,0.0,0,,0,0.0,0.0,0.0,,,,,,,,none
29,DET,D.J. White,6,138,2111,3.8,.087,-2.1,0.0,2008,2014,0.0,0,0.0,0,0.0,0,0.0,0,,0,0.0,0.0,0.0,,,,,,,,none
30,BOS,J.R. Giddens,2,38,247,0.1,.027,-4.3,-0.1,2008,2010,0.0,0,0.0,0,0.0,0,0.0,0,,0,0.0,0.0,0.0,,,,,,,,none
31,MIN,Nikola Peković,6,271,6744,18.8,.134,-0.7,2.2,2008,2014,0.0,0,0.0,0,0.0,0,0.0,0,104.0,0,1.0,0.0,0.0,,,,2013,,,,none
32,SEA,Walter Sharpe,1,8,20,-0.1,-.131,-10.1,0.0,2008,2009,0.0,0,0.0,0,0.0,0,0.0,0,,0,0.0,0.0,0.0,,,,,,,,none
33,POR,Joey Dorsey,4,130,1488,2.9,.092,-2.7,-0.3,2008,2012,0.0,0,0.0,0,0.0,0,0.0,0,,0,0.0,0.0,0.0,,,,,,,,none
34,MIN,Mario Chalmers,9,646,17245,32.3,.090,-0.6,5.9,2008,2017,0.0,0,2.0,0,0.0,0,0.0,0,,0,0.0,0.0,29.0,,,,,,,,second
35,LAC,DeAndre Jordan,18,1113,27890,98.9,.170,1.1,22.2,2008,2026,0.0,0,0.0,0,432.0,0,0.0,0,73.0,0,567.0,423.0,0.0,2016,,"2015,2017","2014,2015,2016,2017","2015,2016",,,none
36,POR,Ömer Aşık,8,471,9216,20.9,.109,-1.9,0.1,2008,2016,0.0,0,0.0,0,0.0,0,0.0,0,86.0,0,3.0,0.0,6.0,,,,2013,,,,none
37,MIL,Luc Mbah a Moute,12,689,16038,26.0,.078,-1.5,2.0,2008,2020,0.0,0,0.0,0,1.0,0,1.0,0,,0,0.0,18.0,0.0,,,,,,,,none
38,CHA,Kyle Weaver,3,73,1379,1.5,.051,-1.1,0.3,2008,2011,0.0,0,0.0,0,0.0,0,0.0,0,,0,0.0,0.0,0.0,,,,,,,,none
39,CHI,Sonny Weems,4,183,3335,0.0,.001,-4.2,-1.8,2008,2012,0.0,0,0.0,0,0.0,0,0.0,0,,0,0.0,0.0,0.0,,,,,,,,none
40,NJN,Chris Douglas-Roberts,6,222,4381,5.4,.059,-2.2,-0.2,2008,2014,0.0,0,0.0,0,0.0,0,0.0,0,3.0,0,0.0,0.0,0.0,,,,,,,,none
41,IND,Nathan Jawai,2,45,431,0.2,.020,-4.4,-0.3,2008,2010,0.0,0,0.0,0,0.0,0,0.0,0,,0,0.0,0.0,0.0,,,,,,,,none
42,SAC,Sean Singletary,1,37,303,0.0,.006,-5.1,-0.2,2008,2009,0.0,0,0.0,0,0.0,0,0.0,0,,0,0.0,0.0,0.0,,,,,,,,none
43,SAC,Patrick Ewing,1,7,19,-0.1,-.158,-9.1,0.0,2008,2009,287.0,0,0.0,0,0.0,0,0.0,0,,0,389.0,2.0,0.0,,1997,,"1995,1996,1997,2000",,,"1995,1997",none
44,UTA,Ante Tomić,0,,,,,,,2008,2008,0.0,0,0.0,0,0.0,0,0.0,0,,0,0.0,0.0,0.0,,,,,,,,none
45,SAS,Goran Dragić,15,946,25603,56.7,.106,0.5,15.9,2008,2023,3.0,0,0.0,0,0.0,0,6.0,0,462.0,2014,115.0,0.0,0.0,,,2014,2014,,,2014,none
46,SEA,Trent Plaisted,0,,,,,,,2008,2008,0.0,0,0.0,0,0.0,0,0.0,0,,0,0.0,0.0,0.0,,,,,,,,none
47,WAS,Henry Walker,5,181,3016,5.0,.079,-1.8,0.2,2008,2013,0.0,0,0.0,0,0.0,0,0.0,0,,0,0.0,0.0,0.0,,,,,,,,none
48,PHO,Malik Hairston,2,62,472,0.8,.086,-2.0,0.0,2008,2010,0.0,0,0.0,0,0.0,0,0.0,0,,0,0.0,0.0,0.0,,,,,,,,none
49,GSW,Richard Hendrix,0,,,,,,,2008,2008,0.0,0,0.0,0,0.0,0,0.0,0,,0,0.0,0.0,0.0,,,,,,,,none
50,SEA,DeVon Hardin,0,,,,,,,2008,2008,0.0,0,0.0,0,0.0,0,0.0,0,,0,0.0,0.0,0.0,,,,,,,,none
51,DAL,Shan Foster,0,,,,,,,2008,2008,0.0,0,0.0,0,0.0,0,0.0,0,,0,0.0,0.0,0.0,,,,,,,,none
52,MIA,Darnell Jackson,3,138,1039,1.3,.059,-5.2,-0.8,2008,2011,0.0,0,0.0,0,0.0,0,0.0,0,,0,0.0,0.0,0.0,,,,,,,,none
53,UTA,Tadija Dragićević,0,,,,,,,2008,2008,0.0,0,0.0,0,0.0,0,0.0,0,,0,0.0,0.0,0.0,,,,,,,,none
54,HOU,Maarty Leunen,0,,,,,,,2008,2008,0.0,0,0.0,0,0.0,0,0.0,0,,0,0.0,0.0,0.0,,,,,,,,none
55,POR,Mike Taylor,1,51,771,-0.4,-.028,-5.2,-0.6,2008,2009,0.0,0,0.0,0,0.0,0,0.0,0,,0,0.0,0.0,0.0,,,,,,,,none
56,SEA,Sasha Kaun,1,25,95,0.2,.096,-2.8,0.0,2008,2009,0.0,0,0.0,0,0.0,0,0.0,0,,0,0.0,0.0,0.0,,,,,,,,none
57,SAS,James Gist,0,,,,,,,2008,2008,0.0,0,0.0,0,0.0,0,0.0,0,,0,0.0,0.0,0.0,,,,,,,,none
58,LAL,Joe Crawford,1,2,23,0.0,.037,-2.7,0.0,2008,2009,0.0,0,0.0,0,0.0,0,0.0,0,,0,0.0,0.0,0.0,,,,,,,,none
59,DET,Deron Washington,0,,,,,,,2008,2008,0.0,0,0.0,0,0.0,0,0.0,0,,0,0.0,0.0,0.0,,,,,,,,none
60,BOS,Semih Erden,2,69,928,1.8,.094,-3.6,-0.4,2008,2010,0.0,0,0.0,0,0.0,0,0.0,0,,0,0.0,0.0,0.0,,,,,,,,none
1,LAC,Blake Griffin,13,765,24384,81.1,.160,3.3,32.8,2009,2022,442.0,0,590.0,2011,0.0,0,0.0,0,39.0,0,805.0,1.0,58.0,,"2012,2013,2014",2019,"2011,2012,2013,2014,2016,2017,2019",,,"2011,2014,2015",first
2,MEM,Hasheem Thabeet,5,224,2357,4.8,.099,-2.7,-0.4,2009,2014,0.0,0,0.0,0,0.0,0,0.0,0,,0,0.0,0.0,0.0,,,,,,,,none
3,OKC,James Harden,17,1197,41639,179.9,.207,6.2,86.6,2009,2026,3926.0,2018,0.0,0,0.0,0,603.0,2012,61.0,0,2236.0,10.0,22.0,"2014,2015,2019,2020",,2025,"2012,2014,2015,2019,2020,2021,2023,2025",,,"2013,2014,2015,2016,2017,2018,2019,2020,2021,2025",second
4,SAC,Tyreke Evans,10,594,18242,28.4,.075,0.8,13.1,2009,2019,0.0,0,491.0,2010,0.0,0,0.0,0,5.0,0,0.0,0.0,58.0,,,,,,,,first
5,MIN,Ricky Rubio,12,698,20694,42.3,.098,0.5,13.3,2009,2021,0.0,0,170.0,0,0.0,0,0.0,0,1.0,0,0.0,57.0,49.0,,,,,,,,first
6,MIN,Jonny Flynn,3,163,3738,-1.1,-.015,-4.0,-1.9,2009,2012,0.0,0,2.0,0,0.0,0,0.0,0,,0,0.0,0.0,22.0,,,,,,,,second
7,GSW,Stephen Curry,17,1065,36197,147.1,.195,6.4,77.0,2009,2026,3273.0,2015,391.0,0,0.0,0,0.0,0,101.0,0,2163.0,35.0,58.0,"2019,2021","2017,2022,2023,2025",2024,"2013,2017,2019,2021,2022,2023,2024,2025",,,"2013,2014,2015,2016,2017,2018,2019,2021,2022,2023,2025",first
8,NYK,Jordan Hill,8,409,7692,16.4,.102,-2.0,0.0,2009,2017,0.0,0,0.0,0,0.0,0,0.0,0,,0,0.0,0.0,0.0,,,,,,,,none
9,TOR,DeMar DeRozan,17,1242,43012,112.7,.126,0.8,30.3,2009,2026,34.0,0,0.0,0,0.0,0,0.0,0,44.0,0,502.0,1.0,1.0,,"2018,2022",2017,"2014,2015,2016,2017,2018,2019,2022,2023,2024",,,"2017,2018,2022",none
10,MIL,Brandon Jennings,9,555,16844,29.9,.085,0.8,11.8,2009,2018,0.0,0,204.0,0,0.0,0,0.0,0,,0,0.0,0.0,58.0,,,,,,,,first
11,NJN,Terrence Williams,4,153,2922,-0.2,-.004,-2.8,-0.6,2009,2013,0.0,0,0.0,0,0.0,0,0.0,0,,0,0.0,0.0,0.0,,,,,,,,none
12,CHA,Gerald Henderson,8,535,13854,18.3,.063,-1.8,0.6,2009,2017,0.0,0,0.0,0,0.0,0,0.0,0,6.0,0,0.0,0.0,0.0,,,,,,,,none
13,IND,Tyler Hansbrough,7,428,7233,20.2,.134,-2.0,0.0,2009,2016,0.0,0,0.0,0,0.0,0,2.0,0,5.0,0,0.0,0.0,0.0,,,,,,,,none
14,PHO,Earl Clark,6,261,3630,2.9,.038,-2.8,-0.8,2009,2015,0.0,0,0.0,0,0.0,0,0.0,0,3.0,0,0.0,0.0,0.0,,,,,,,,none
15,DET,Austin Daye,6,293,4132,4.5,.053,-2.0,0.0,2009,2015,0.0,0,0.0,0,0.0,0,0.0,0,,0,0.0,0.0,0.0,,,,,,,,none
16,CHI,James Johnson,16,786,15561,27.4,.084,0.4,9.3,2009,2025,0.0,0,0.0,0,0.0,0,25.0,0,34.0,0,0.0,0.0,0.0,,,,,,,,none
17,PHI,Jrue Holiday,17,1062,34860,76.2,.105,1.6,31.8,2009,2026,0.0,0,0.0,0,38.0,0,1.0,0,117.0,0,41.0,695.0,7.0,,,,"2019,2022,2023","2018,2021,2023","2019,2022,2024",,none
18,MIN,Ty Lawson,8,551,16088,42.1,.126,1.4,13.6,2009,2017,1.0,0,0.0,0,0.0,0,3.0,0,17.0,0,10.0,0.0,7.0,,,,"2013,2014",,,2013,none
19,ATL,Jeff Teague,12,826,22164,52.4,.113,0.6,14.3,2009,2021,0.0,0,0.0,0,0.0,0,0.0,0,28.0,0,7.0,9.0,0.0,,,,2015,,,,none
20,UTA,Eric Maynor,5,267,3896,3.3,.041,-2.9,-0.8,2009,2014,0.0,0,0.0,0,0.0,0,0.0,0,,0,0.0,0.0,0.0,,,,,,,,none
21,NOH,Darren Collison,11,711,20833,49.9,.115,0.5,13.4,2009,2020,0.0,0,17.0,0,0.0,0,3.0,0,,0,0.0,1.0,46.0,,,,,,,,first
22,POR,Victor Claver,3,80,1072,0.2,.011,-3.6,-0.4,2009,2012,0.0,0,0.0,0,0.0,0,0.0,0,,0,0.0,0.0,0.0,,,,,,,,none
23,SAC,Omri Casspi,10,588,11959,19.6,.078,-0.8,3.5,2009,2019,0.0,0,0.0,0,0.0,0,0.0,0,,0,0.0,0.0,13.0,,,,,,,,none
24,DAL,Byron Mullens,5,189,3446,0.6,.008,-4.0,-1.8,2009,2014,0.0,0,0.0,0,0.0,0,0.0,0,,0,0.0,0.0,0.0,,,,,,,,none
25,OKC,Rodrigue Beaubois,4,182,2896,4.8,.079,-0.1,1.4,2009,2013,0.0,0,0.0,0,0.0,0,0.0,0,,0,0.0,0.0,1.0,,,,,,,,none
26,CHI,Taj Gibson,16,1002,23069,60.2,.125,-0.9,6.5,2009,2025,0.0,0,2.0,0,0.0,0,431.0,0,3.0,0,0.0,21.0,41.0,,,,,,,,first
27,MEM,DeMarre Carroll,11,578,13675,29.5,.104,0.0,6.7,2009,2020,0.0,0,0.0,0,1.0,0,0.0,0,5.0,0,0.0,13.0,0.0,,,,,,,,none
28,MIN,Wayne Ellington,13,770,16100,21.1,.063,-1.5,2.2,2009,2022,0.0,0,0.0,0,0.0,0,9.0,0,,0,0.0,0.0,0.0,,,,,,,,none
29,LAL,Toney Douglas,8,394,7511,12.1,.077,-0.8,2.2,2009,2017,0.0,0,0.0,0,0.0,0,2.0,0,,0,0.0,0.0,2.0,,,,,,,,none
30,CLE,Christian Eyenga,2,51,1049,-0.4,-.020,-4.2,-0.6,2009,2011,0.0,0,0.0,0,0.0,0,0.0,0,,0,0.0,0.0,1.0,,,,,,,,none
31,SAC,Jeff Ayres,6,237,2322,6.3,.131,-2.3,-0.2,2009,2015,0.0,0,0.0,0,0.0,0,0.0,0,,0,0.0,0.0,0.0,,,,,,,,none
32,WAS,Jermaine Taylor,2,65,786,0.2,.014,-3.7,-0.3,2009,2011,0.0,0,0.0,0,0.0,0,0.0,0,,0,0.0,0.0,0.0,,,,,,,,none
33,POR,Dante Cunningham,10,715,14875,24.9,.080,-1.7,1.1,2009,2019,0.0,0,0.0,0,0.0,0,0.0,0,,0,0.0,0.0,0.0,,,,,,,,none
34,DEN,Sergio Llull,0,,,,,,,2009,2009,0.0,0,0.0,0,0.0,0,0.0,0,,0,0.0,0.0,0.0,,,,,,,,none
35,DET,DaJuan Summers,4,83,820,-0.1,-.008,-5.8,-0.8,2009,2013,0.0,0,0.0,0,0.0,0,0.0,0,,0,0.0,0.0,0.0,,,,,,,,none
36,MEM,Sam Young,4,249,3966,5.2,.063,-2.1,-0.1,2009,2013,0.0,0,0.0,0,0.0,0,0.0,0,,0,0.0,0.0,1.0,,,,,,,,none
37,SAS,DeJuan Blair,7,424,7054,19.0,.129,-1.2,1.4,2009,2016,0.0,0,0.0,0,0.0,0,0.0,0,,0,0.0,0.0,30.0,,,,,,,,second
38,POR,Jon Brockman,3,150,1570,3.7,.113,-3.9,-0.8,2009,2012,0.0,0,0.0,0,0.0,0,0.0,0,,0,0.0,0.0,0.0,,,,,,,,none
39,DET,Jonas Jerebko,9,635,11323,25.8,.109,-1.0,2.9,2009,2018,0.0,0,0.0,0,0.0,0,0.0,0,,0,0.0,0.0,22.0,,,,,,,,second
40,CHA,Derrick Brown,3,171,2554,4.5,.085,-1.3,0.4,2009,2012,0.0,0,0.0,0,0.0,0,0.0,0,,0,0.0,0.0,0.0,,,,,,,,none
41,MIL,Jodie Meeks,10,539,12110,24.3,.096,-0.6,4.2,2009,2019,0.0,0,0.0,0,0.0,0,0.0,0,4.0,0,0.0,0.0,0.0,,,,,,,,none
42,LAL,Patrick Beverley,12,666,17689,40.2,.109,0.7,12.1,2009,2021,0.0,0,0.0,0,12.0,0,0.0,0,,0,0.0,361.0,0.0,,,,,2017,"2014,2020",,none
43,MIA,Marcus Thornton,8,483,11299,20.0,.085,0.2,6.2,2009,2017,0.0,0,0.0,0,0.0,0,3.0,0,,0,0.0,0.0,31.0,,,,,,,,second
44,DET,Chase Budinger,7,407,7998,13.9,.083,-0.5,2.9,2009,2016,0.0,0,0.0,0,0.0,0,0.0,0,,0,0.0,0.0,8.0,,,,,,,,none
45,MIN,Nick Calathes,2,129,2011,2.6,.063,-0.5,0.8,2009,2011,0.0,0,1.0,0,0.0,0,0.0,0,,0,0.0,0.0,39.0,,,,,,,,none
46,CLE,Danny Green,15,832,20899,49.3,.113,1.8,20.2,2009,2024,0.0,0,0.0,0,0.0,0,0.0,0,27.0,0,0.0,203.0,0.0,,,,,,2017,,none
47,MIN,Henk Norel,0,,,,,,,2009,2009,0.0,0,0.0,0,0.0,0,0.0,0,,0,0.0,0.0,0.0,,,,,,,,none
48,PHO,Taylor Griffin,1,8,32,0.0,-.039,-8.1,-0.1,2009,2010,0.0,0,0.0,0,0.0,0,0.0,0,,0,0.0,0.0,0.0,,,,,,,,none
49,ATL,Sergiy Gladyr,0,,,,,,,2009,2009,0.0,0,0.0,0,0.0,0,0.0,0,,0,0.0,0.0,0.0,,,,,,,,none
50,UTA,Goran Suton,0,,,,,,,2009,2009,0.0,0,0.0,0,0.0,0,0.0,0,,0,0.0,0.0,0.0,,,,,,,,none
51,SAS,Jack McClinton,0,,,,,,,2009,2009,0.0,0,0.0,0,0.0,0,0.0,0,,0,0.0,0.0,0.0,,,,,,,,none
52,IND,A.J. Price,6,261,3929,4.7,.058,-1.3,0.7,2009,2015,0.0,0,0.0,0,0.0,0,0.0,0,,0,0.0,0.0,0.0,,,,,,,,none
53,SAS,Nando De Colo,2,119,1414,2.4,.081,-0.7,0.5,2009,2011,0.0,0,0.0,0,0.0,0,0.0,0,,0,0.0,0.0,0.0,,,,,,,,none
54,CHA,Robert Vaden,0,,,,,,,2009,2009,0.0,0,0.0,0,0.0,0,0.0,0,,0,0.0,0.0,0.0,,,,,,,,none
55,POR,Patty Mills,16,921,18316,35.9,.094,-0.2,8.5,2009,2025,0.0,0,0.0,0,0.0,0,15.0,0,14.0,0,0.0,0.0,0.0,,,,,,,,none
56,DAL,Ahmad Nivins,0,,,,,,,2009,2009,0.0,0,0.0,0,0.0,0,0.0,0,,0,0.0,0.0,0.0,,,,,,,,none
57,PHO,Emir Preldžić,0,,,,,,,2009,2009,0.0,0,0.0,0,0.0,0,0.0,0,,0,0.0,0.0,0.0,,,,,,,,none
58,BOS,Lester Hudson,4,57,594,0.2,.016,-2.1,0.0,2009,2013,0.0,0,0.0,0,0.0,0,0.0,0,,0,0.0,0.0,0.0,,,,,,,,none
59,LAL,Chinemelu Elonu,0,,,,,,,2009,2009,0.0,0,0.0,0,0.0,0,0.0,0,,0,0.0,0.0,0.0,,,,,,,,none
60,MIA,Robert Dozier,0,,,,,,,2009,2009,0.0,0,0.0,0,0.0,0,0.0,0,,0,0.0,0.0,0.0,,,,,,,,none
1,WAS,John Wall,11,647,22588,44.5,.094,2.2,24.1,2010,2021,7.0,0,295.0,0,0.0,0,0.0,0,2.0,0,252.0,119.0,57.0,,,2017,"2014,2015,2016,2017",,2015,2017,first
2,PHI,Evan Turner,10,705,18938,20.2,.051,-1.9,0.5,2010,2020,0.0,0,0.0,0,0.0,0,46.0,0,,0,0.0,0.0,0.0,,,,,,,,none
3,NJN,Derrick Favors,12,790,19202,60.2,.150,0.9,14.0,2010,2022,0.0,0,0.0,0,0.0,0,0.0,0,1.0,0,0.0,4.0,0.0,,,,,,,,none
4,MIN,Wesley Johnson,9,609,13472,10.7,.038,-1.6,1.2,2010,2019,0.0,0,0.0,0,0.0,0,0.0,0,,0,0.0,0.0,26.0,,,,,,,,second
5,SAC,DeMarcus Cousins,11,654,19508,46.8,.115,2.4,21.6,2010,2021,0.0,0,81.0,0,0.0,0,0.0,0,20.0,0,555.0,4.0,54.0,,"2015,2016",,"2012,2014,2015,2016,2017,2018",,,,first
6,GSW,Ekpe Udoh,7,384,5694,10.4,.088,-1.4,0.8,2010,2017,0.0,0,0.0,0,0.0,0,0.0,0,,0,0.0,0.0,1.0,,,,,,,,none
7,DET,Greg Monroe,10,646,17670,50.4,.137,1.4,15.3,2010,2020,0.0,0,15.0,0,1.0,0,21.0,0,99.0,0,0.0,0.0,42.0,,,,,,,,second
8,LAC,Al-Farouq Aminu,11,711,17698,27.6,.075,-0.6,6.5,2010,2021,0.0,0,0.0,0,0.0,0,0.0,0,,0,0.0,3.0,3.0,,,,,,,,none
9,UTA,Gordon Hayward,14,835,25654,63.5,.119,1.6,23.0,2010,2025,0.0,0,0.0,0,0.0,0,1.0,0,8.0,0,32.0,0.0,7.0,,,,"2015,2016,2017",,,,none
10,IND,Paul George,16,935,31340,91.2,.140,3.7,44.7,2010,2026,389.0,0,0.0,0,275.0,0,0.0,0,327.0,2013,1041.0,534.0,12.0,2019,,"2013,2014,2016,2018,2021","2013,2014,2016,2017,2018,2019,2020,2021,2023,2024","2014,2019","2013,2016","2014,2019",second
11,NOH,Cole Aldrich,8,339,3389,9.6,.135,0.1,1.8,2010,2018,0.0,0,0.0,0,0.0,0,0.0,0,,0,0.0,0.0,0.0,,,,,,,,none
12,MEM,Xavier Henry,5,185,2905,0.8,.013,-4.4,-1.7,2010,2015,0.0,0,0.0,0,0.0,0,0.0,0,,0,0.0,0.0,0.0,,,,,,,,none
13,TOR,Ed Davis,12,722,13756,43.3,.151,-0.2,6.2,2010,2022,0.0,0,0.0,0,0.0,0,22.0,0,,0,0.0,2.0,10.0,,,,,,,,none
14,HOU,Patrick Patterson,11,719,14923,31.9,.102,0.0,7.4,2010,2021,0.0,0,0.0,0,0.0,0,1.0,0,,0,0.0,0.0,5.0,,,,,,,,none
15,MIL,Larry Sanders,6,238,4635,10.3,.107,-1.1,1.1,2010,2016,0.0,0,0.0,0,90.0,0,0.0,0,141.0,0,0.0,16.0,0.0,,,,,,,,none
16,MIN,Luke Babbitt,8,381,5332,7.2,.065,-2.1,-0.1,2010,2018,0.0,0,0.0,0,0.0,0,1.0,0,,0,0.0,0.0,0.0,,,,,,,,none
17,CHI,Kevin Séraphin,7,423,6430,5.9,.044,-4.3,-3.6,2010,2017,0.0,0,0.0,0,0.0,0,0.0,0,,0,0.0,0.0,0.0,,,,,,,,none
18,OKC,Eric Bledsoe,12,756,21021,46.1,.105,1.6,18.8,2010,2022,0.0,0,0.0,0,0.0,0,0.0,0,,0,0.0,171.0,19.0,,,,,2019,2020,,second
19,BOS,Avery Bradley,12,660,18151,17.2,.045,-2.4,-1.8,2010,2022,0.0,0,0.0,0,31.0,0,0.0,0,37.0,0,0.0,257.0,0.0,,,,,2016,2013,,none
20,SAS,James Anderson,5,247,4320,3.3,.037,-2.7,-0.8,2010,2015,0.0,0,0.0,0,0.0,0,0.0,0,,0,0.0,0.0,0.0,,,,,,,,none
21,OKC,Craig Brackins,2,17,121,-0.2,-.089,-9.9,-0.2,2010,2012,0.0,0,0.0,0,0.0,0,0.0,0,,0,0.0,0.0,0.0,,,,,,,,none
22,POR,Elliot Williams,4,109,1470,0.7,.024,-4.9,-1.1,2010,2014,0.0,0,0.0,0,0.0,0,0.0,0,,0,0.0,0.0,0.0,,,,,,,,none
23,MIN,Trevor Booker,8,532,10872,26.2,.116,-0.5,4.2,2010,2018,0.0,0,0.0,0,0.0,0,0.0,0,,0,0.0,0.0,1.0,,,,,,,,none
24,ATL,Damion James,4,39,623,0.0,-.001,-3.7,-0.3,2010,2014,0.0,0,0.0,0,0.0,0,0.0,0,,0,0.0,0.0,0.0,,,,,,,,none
25,MEM,Dominique Jones,3,80,741,0.3,.017,-2.4,-0.1,2010,2013,0.0,0,0.0,0,0.0,0,0.0,0,,0,0.0,0.0,0.0,,,,,,,,none
26,OKC,Quincy Pondexter,7,355,5530,9.7,.084,-1.8,0.3,2010,2017,0.0,0,0.0,0,0.0,0,0.0,0,,0,0.0,0.0,0.0,,,,,,,,none
27,NJN,Jordan Crawford,6,281,6843,6.3,.044,-1.3,1.3,2010,2016,0.0,0,0.0,0,0.0,0,5.0,0,,0,0.0,0.0,0.0,,,,,,,,none
28,MEM,Greivis Vásquez,7,401,9520,12.6,.064,-1.2,1.8,2010,2017,0.0,0,0.0,0,0.0,0,1.0,0,146.0,0,0.0,0.0,0.0,,,,,,,,none
29,ORL,Daniel Orton,3,51,542,1.0,.093,-3.5,-0.2,2010,2013,0.0,0,0.0,0,0.0,0,0.0,0,,0,0.0,0.0,0.0,,,,,,,,none
30,WAS,Lazar Hayward,3,72,591,0.2,.020,-4.2,-0.3,2010,2013,0.0,0,0.0,0,0.0,0,0.0,0,,0,0.0,0.0,0.0,,,,,,,,none
31,NJN,Tibor Pleiß,1,12,82,-0.1,-.041,-11.6,-0.2,2010,2011,0.0,0,0.0,0,0.0,0,0.0,0,,0,0.0,0.0,0.0,,,,,,,,none
32,MIA,Dexter Pittman,4,50,347,0.5,.068,-7.7,-0.5,2010,2014,0.0,0,0.0,0,0.0,0,0.0,0,,0,0.0,0.0,0.0,,,,,,,,none
33,SAC,Hassan Whiteside,10,511,12645,52.0,.197,2.5,14.5,2010,2020,0.0,0,0.0,0,90.0,0,0.0,0,115.0,0,42.0,155.0,0.0,,,,"2016,2017",,2016,,none
34,POR,Armon Johnson,2,47,401,-0.1,-.015,-4.1,-0.2,2010,2012,0.0,0,0.0,0,0.0,0,0.0,0,,0,0.0,0.0,0.0,,,,,,,,none
35,WAS,Nemanja Bjelica,7,449,9173,20.0,.104,0.3,5.4,2010,2017,0.0,0,0.0,0,0.0,0,0.0,0,,0,0.0,0.0,0.0,,,,,,,,none
36,DET,Terrico White,0,,,,,,,2010,2010,0.0,0,0.0,0,0.0,0,0.0,0,,0,0.0,0.0,0.0,,,,,,,,none
37,MIL,Darington Hobson,1,5,39,-0.2,-.225,-13.0,-0.1,2010,2011,0.0,0,0.0,0,0.0,0,0.0,0,,0,0.0,0.0,0.0,,,,,,,,none
38,NYK,Andy Rautins,1,5,24,-0.2,-.314,-13.2,-0.1,2010,2011,0.0,0,0.0,0,0.0,0,0.0,0,,0,0.0,0.0,0.0,,,,,,,,none
39,NYK,Landry Fields,5,255,6010,10.5,.084,-0.3,2.6,2010,2015,0.0,0,62.0,0,0.0,0,0.0,0,,0,0.0,0.0,56.0,,,,,,,,first
40,IND,Lance Stephenson,10,554,12680,17.5,.066,-1.3,2.3,2010,2020,0.0,0,0.0,0,0.0,0,0.0,0,159.0,0,3.0,14.0,0.0,,,,2014,,,,none
41,MIA,Jarvis Varnado,2,37,397,0.7,.089,-3.3,-0.1,2010,2012,0.0,0,0.0,0,0.0,0,0.0,0,,0,0.0,0.0,0.0,,,,,,,,none
42,MIA,Da'Sean Butler,0,,,,,,,2010,2010,0.0,0,0.0,0,0.0,0,0.0,0,,0,0.0,0.0,0.0,,,,,,,,none
43,LAL,Devin Ebanks,3,63,711,0.5,.035,-4.8,-0.5,2010,2013,0.0,0,0.0,0,0.0,0,0.0,0,,0,0.0,0.0,0.0,,,,,,,,none
44,MIL,Jerome Jordan,2,65,491,1.7,.168,-1.0,0.1,2010,2012,0.0,0,0.0,0,0.0,0,0.0,0,,0,0.0,0.0,0.0,,,,,,,,none
45,MIN,Paulão Prestes,0,,,,,,,2010,2010,0.0,0,0.0,0,0.0,0,0.0,0,,0,0.0,0.0,0.0,,,,,,,,none
46,PHO,Gani Lawal,1,1,2,0.0,-.009,-15.0,0.0,2010,2011,0.0,0,0.0,0,0.0,0,0.0,0,,0,0.0,0.0,0.0,,,,,,,,none
47,MIL,Tiny Gallon,0,,,,,,,2010,2010,0.0,0,0.0,0,0.0,0,0.0,0,,0,0.0,0.0,0.0,,,,,,,,none
48,MIA,Latavious Williams,0,,,,,,,2010,2010,0.0,0,0.0,0,0.0,0,0.0,0,,0,0.0,0.0,0.0,,,,,,,,none
49,SAS,Ryan Richards,0,,,,,,,2010,2010,0.0,0,0.0,0,0.0,0,0.0,0,,0,0.0,0.0,0.0,,,,,,,,none
50,DAL,Solomon Alabi,2,26,181,0.0,.010,-4.4,-0.1,2010,2012,0.0,0,0.0,0,0.0,0,0.0,0,,0,0.0,0.0,0.0,,,,,,,,none
51,OKC,Magnum Rolle,0,,,,,,,2010,2010,0.0,0,0.0,0,0.0,0,0.0,0,,0,0.0,0.0,0.0,,,,,,,,none
52,BOS,Luke Harangody,2,70,871,0.9,.048,-3.5,-0.3,2010,2012,0.0,0,0.0,0,0.0,0,0.0,0,,0,0.0,0.0,0.0,,,,,,,,none
53,ATL,Pape Sy,1,3,21,0.0,-.047,-6.0,0.0,2010,2011,0.0,0,0.0,0,0.0,0,0.0,0,,0,0.0,0.0,0.0,,,,,,,,none
54,LAC,Willie Warren,1,19,134,0.2,.065,-2.7,0.0,2010,2011,0.0,0,0.0,0,0.0,0,0.0,0,,0,0.0,0.0,0.0,,,,,,,,none
55,UTA,Jeremy Evans,7,250,2626,8.2,.150,0.9,1.9,2010,2017,0.0,0,0.0,0,0.0,0,0.0,0,,0,0.0,0.0,0.0,,,,,,,,none
56,MIN,Hamady N'Diaye,3,33,157,0.0,.013,-7.3,-0.2,2010,2013,0.0,0,0.0,0,0.0,0,0.0,0,,0,0.0,0.0,0.0,,,,,,,,none
57,IND,Ryan Reid,1,5,17,0.1,.142,-2.0,0.0,2010,2011,0.0,0,0.0,0,0.0,0,0.0,0,,0,0.0,0.0,0.0,,,,,,,,none
58,LAL,Derrick Caracter,1,41,215,0.3,.057,-7.1,-0.3,2010,2011,0.0,0,0.0,0,0.0,0,0.0,0,,0,0.0,0.0,0.0,,,,,,,,none
59,ORL,Stanley Robinson,0,,,,,,,2010,2010,0.0,0,0.0,0,0.0,0,0.0,0,,0,0.0,0.0,0.0,,,,,,,,none
60,PHO,Dwayne Collins,0,,,,,,,2010,2010,0.0,0,0.0,0,0.0,0,0.0,0,,0,0.0,0.0,0.0,,,,,,,,none
1,CLE,Kyrie Irving,14,779,26879,91.0,.163,4.5,43.7,2011,2026,0.0,0,592.0,2012,0.0,0,0.0,0,3.0,0,435.0,1.0,58.0,,2019,"2015,2021","2013,2014,2015,2017,2018,2019,2021,2022",,,,first
2,MIN,Derrick Williams,7,428,8864,14.1,.076,-1.6,0.8,2011,2018,0.0,0,0.0,0,0.0,0,0.0,0,,0,0.0,0.0,16.0,,,,,,,,none
3,UTA,Enes Freedom,11,748,16101,52.8,.157,-0.1,7.6,2011,2022,0.0,0,0.0,0,0.0,0,204.0,0,1.0,0,0.0,0.0,1.0,,,,,,,,none
4,CLE,Tristan Thompson,13,819,20432,49.3,.116,-1.7,1.3,2011,2024,0.0,0,0.0,0,0.0,0,49.0,0,2.0,0,0.0,0.0,0.0,,,,,,,,none
5,TOR,Jonas Valančiūnas,14,979,24171,86.5,.172,0.9,17.9,2011,2026,0.0,0,2.0,0,0.0,0,0.0,0,,0,0.0,0.0,31.0,,,,,,,,second
6,WAS,Jan Veselý,3,162,2455,4.0,.078,-2.6,-0.4,2011,2014,0.0,0,0.0,0,0.0,0,0.0,0,,0,0.0,0.0,0.0,,,,,,,,none
7,SAC,Bismack Biyombo,15,881,16990,33.2,.094,-2.6,-2.5,2011,2026,0.0,0,0.0,0,0.0,0,0.0,0,,0,0.0,1.0,2.0,,,,,,,,none
8,DET,Brandon Knight,9,451,13202,11.6,.042,-1.6,1.4,2011,2020,0.0,0,21.0,0,0.0,0,0.0,0,1.0,0,0.0,0.0,40.0,,,,,,,,second
9,CHA,Kemba Walker,12,750,24810,59.8,.116,2.8,29.8,2011,2023,0.0,0,3.0,0,0.0,0,0.0,0,175.0,0,61.0,2.0,7.0,,,2019,"2016,2019,2020",,,,none
10,MIL,Jimmer Fredette,6,241,3213,2.2,.033,-2.5,-0.4,2011,2017,0.0,0,0.0,0,0.0,0,0.0,0,,0,0.0,0.0,0.0,,,,,,,,none
11,GSW,Klay Thompson,13,913,28869,57.6,.096,0.4,17.5,2011,2026,1.0,0,30.0,0,4.0,0,0.0,0,56.0,0,329.0,224.0,43.0,,,"2015,2016","2015,2016,2017,2018,2019",,2019,2015,first
12,UTA,Alec Burks,14,791,17576,31.7,.087,-0.5,6.6,2011,2025,0.0,0,0.0,0,0.0,0,0.0,0,1.0,0,0.0,0.0,2.0,,,,,,,,none
13,PHO,Markieff Morris,14,791,18460,27.3,.071,-1.5,2.3,2011,2025,0.0,0,0.0,0,0.0,0,85.0,0,13.0,0,0.0,0.0,7.0,,,,,,,,none
14,HOU,Marcus Morris,13,832,22093,39.4,.086,-0.8,6.7,2011,2024,0.0,0,0.0,0,0.0,0,0.0,0,,0,0.0,0.0,0.0,,,,,,,,none
15,IND,Kawhi Leonard,14,773,24594,108.2,.211,6.6,53.2,2011,2026,1317.0,0,47.0,0,1082.0,2015,0.0,0,24.0,0,1888.0,1024.0,0.0,"2016,2017,2021","2019,2024",,"2014,2016,2017,2019,2021,2023,2024","2015,2016,2017","2014,2019,2020,2021","2015,2016,2017,2019,2020,2021",none
16,PHI,Nikola Vučević,15,1022,32034,83.6,.125,2.1,33.0,2011,2026,0.0,0,0.0,0,0.0,0,0.0,0,134.0,0,13.0,0.0,1.0,,,,"2013,2015,2019,2021",,,,none
17,NYK,Iman Shumpert,10,461,11470,12.9,.054,-1.7,0.9,2011,2021,0.0,0,33.0,0,2.0,0,0.0,0,,0,0.0,15.0,40.0,,,,,,,,first
18,WAS,Chris Singleton,3,148,2605,2.3,.042,-3.2,-0.8,2011,2014,0.0,0,0.0,0,0.0,0,0.0,0,,0,0.0,0.0,0.0,,,,,,,,none
19,CHA,Tobias Harris,15,1006,31730,78.1,.118,0.9,23.5,2011,2026,0.0,0,0.0,0,0.0,0,0.0,0,5.0,0,2.0,0.0,0.0,,,,2019,,,,none
20,MIN,Donatas Motiejūnas,6,251,4566,7.1,.075,-2.5,-0.5,2011,2017,0.0,0,0.0,0,0.0,0,0.0,0,7.0,0,0.0,0.0,0.0,,,,,,,,none
21,POR,Nolan Smith,2,84,829,-0.8,-.047,-6.0,-0.8,2011,2013,0.0,0,0.0,0,0.0,0,0.0,0,,0,0.0,0.0,0.0,,,,,,,,none
22,DEN,Kenneth Faried,8,478,11728,38.8,.159,0.5,7.5,2011,2019,0.0,0,129.0,0,3.0,0,0.0,0,3.0,0,3.0,4.0,46.0,,,,2013,,,,first
23,HOU,Nikola Mirotić,5,319,7718,20.8,.129,1.6,7.1,2011,2016,0.0,0,335.0,0,0.0,0,29.0,0,,0,0.0,0.0,258.0,,,,,,,,first
24,OKC,Reggie Jackson,14,884,21859,36.3,.080,-0.6,7.5,2011,2025,0.0,0,0.0,0,0.0,0,49.0,0,11.0,0,0.0,1.0,0.0,,,,,,,,none
25,BOS,MarShon Brooks,5,200,3456,3.3,.046,-1.6,0.4,2011,2016,0.0,0,4.0,0,0.0,0,0.0,0,,0,0.0,0.0,18.0,,,,,,,,second
26,DAL,Jordan Hamilton,5,151,2100,3.0,.069,-0.1,1.0,2011,2016,0.0,0,0.0,0,0.0,0,0.0,0,,0,0.0,0.0,0.0,,,,,,,,none
27,NJN,JaJuan Johnson,1,36,298,0.2,.032,-3.9,-0.1,2011,2012,0.0,0,0.0,0,0.0,0,0.0,0,,0,0.0,0.0,0.0,,,,,,,,none
28,CHI,Norris Cole,6,360,8018,3.0,.018,-4.1,-4.1,2011,2017,0.0,0,0.0,0,0.0,0,0.0,0,,0,0.0,0.0,2.0,,,,,,,,none
29,SAS,Cory Joseph,14,866,18296,32.1,.084,-1.1,4.0,2011,2025,0.0,0,0.0,0,0.0,0,0.0,0,,0,0.0,0.0,0.0,,,,,,,,none
30,CHI,Jimmy Butler,15,907,29972,129.7,.208,5.0,52.8,2011,2026,17.0,0,0.0,0,18.0,0,0.0,0,542.0,2015,719.0,570.0,0.0,,2023,"2017,2018,2020,2021","2015,2016,2017,2018,2020,2021,2022,2023",,"2014,2015,2016,2018,2021","2018,2020,2023",none
31,MIA,Bojan Bogdanović,10,719,20890,37.6,.086,-0.9,5.8,2011,2021,0.0,0,0.0,0,0.0,0,1.0,0,3.0,0,0.0,0.0,107.0,,,,,,,,second
32,CLE,Justin Harper,3,22,150,-0.3,-.093,-8.7,-0.2,2011,2014,0.0,0,0.0,0,0.0,0,0.0,0,,0,0.0,0.0,0.0,,,,,,,,none
33,DET,Kyle Singler,6,356,7794,10.0,.062,-2.5,-0.9,2011,2017,0.0,0,0.0,0,0.0,0,0.0,0,,0,0.0,0.0,17.0,,,,,,,,second
34,WAS,Shelvin Mack,8,456,8392,10.3,.059,-1.9,0.1,2011,2019,0.0,0,0.0,0,0.0,0,0.0,0,,0,0.0,0.0,0.0,,,,,,,,none
35,SAC,Tyler Honeycutt,2,24,120,-0.1,-.049,-5.1,-0.1,2011,2013,0.0,0,0.0,0,0.0,0,0.0,0,,0,0.0,0.0,0.0,,,,,,,,none
36,NJN,Jordan Williams,1,43,635,1.3,.101,-2.1,0.0,2011,2012,0.0,0,0.0,0,0.0,0,0.0,0,,0,0.0,0.0,0.0,,,,,,,,none
37,LAC,Trey Thompkins,1,24,119,0.0,.004,-5.7,-0.1,2011,2012,0.0,0,0.0,0,0.0,0,0.0,0,,0,0.0,0.0,0.0,,,,,,,,none
38,HOU,Chandler Parsons,9,440,13246,28.9,.105,1.1,10.2,2011,2020,0.0,0,14.0,0,0.0,0,0.0,0,15.0,0,0.0,0.0,33.0,,,,,,,,second
39,CHA,Jeremy Tyler,3,104,1034,0.3,.014,-7.0,-1.3,2011,2014,0.0,0,0.0,0,0.0,0,0.0,0,,0,0.0,0.0,0.0,,,,,,,,none
40,MIL,Jon Leuer,8,377,5945,13.2,.107,-0.7,2.0,2011,2019,0.0,0,0.0,0,0.0,0,0.0,0,,0,0.0,0.0,0.0,,,,,,,,none
41,LAL,Darius Morris,4,132,1464,-0.3,-.010,-5.1,-1.2,2011,2015,0.0,0,0.0,0,0.0,0,0.0,0,,0,0.0,0.0,0.0,,,,,,,,none
42,IND,Dāvis Bertāns,8,475,8545,18.6,.105,0.2,4.7,2011,2019,0.0,0,0.0,0,0.0,0,3.0,0,3.0,0,0.0,0.0,3.0,,,,,,,,none
43,CHI,Malcolm Lee,3,36,534,0.4,.040,-2.5,-0.1,2011,2014,0.0,0,0.0,0,0.0,0,0.0,0,,0,0.0,0.0,0.0,,,,,,,,none
44,GSW,Charles Jenkins,2,110,1334,0.5,.017,-4.5,-0.8,2011,2013,0.0,0,0.0,0,0.0,0,0.0,0,,0,0.0,0.0,0.0,,,,,,,,none
45,NOH,Josh Harrellson,3,75,888,2.1,.116,-0.4,0.4,2011,2014,0.0,0,0.0,0,0.0,0,0.0,0,,0,0.0,0.0,0.0,,,,,,,,none
46,LAL,Andrew Goudelock,3,49,475,0.0,.003,-5.0,-0.3,2011,2014,0.0,0,0.0,0,0.0,0,0.0,0,,0,0.0,0.0,0.0,,,,,,,,none
47,LAC,Travis Leslie,1,10,45,0.1,.060,-0.3,0.0,2011,2012,0.0,0,0.0,0,0.0,0,0.0,0,,0,0.0,0.0,0.0,,,,,,,,none
48,ATL,Keith Benson,1,3,9,0.0,-.005,-7.7,0.0,2011,2012,0.0,0,0.0,0,0.0,0,0.0,0,,0,0.0,0.0,0.0,,,,,,,,none
49,MEM,Josh Selby,2,38,296,-0.7,-.113,-9.5,-0.6,2011,2013,0.0,0,1.0,0,0.0,0,0.0,0,,0,0.0,0.0,0.0,,,,,,,,none
50,PHI,Lavoy Allen,6,388,6905,13.8,.096,-2.1,-0.1,2011,2017,0.0,0,0.0,0,0.0,0,0.0,0,,0,0.0,0.0,0.0,,,,,,,,none
51,POR,Jon Diebler,0,,,,,,,2011,2011,0.0,0,0.0,0,0.0,0,0.0,0,,0,0.0,0.0,0.0,,,,,,,,none
52,DET,Vernon Macklin,1,23,135,0.5,.161,1.2,0.1,2011,2012,0.0,0,0.0,0,0.0,0,0.0,0,,0,0.0,0.0,0.0,,,,,,,,none
53,ORL,DeAndre Liggins,5,177,1907,1.6,.040,-2.2,-0.1,2011,2016,0.0,0,0.0,0,0.0,0,0.0,0,,0,0.0,0.0,0.0,,,,,,,,none
54,CLE,Milan Mačvan,0,,,,,,,2011,2011,0.0,0,0.0,0,0.0,0,0.0,0,,0,0.0,0.0,0.0,,,,,,,,none
55,BOS,E'Twaun Moore,10,598,12564,14.8,.057,-1.9,0.2,2011,2021,0.0,0,0.0,0,0.0,0,0.0,0,6.0,0,0.0,0.0,0.0,,,,,,,,none
56,LAL,Chukwudiebere Maduabum,0,,,,,,,2011,2011,0.0,0,0.0,0,0.0,0,0.0,0,,0,0.0,0.0,0.0,,,,,,,,none
57,DAL,Tanguy Ngombo,0,,,,,,,2011,2011,0.0,0,0.0,0,0.0,0,0.0,0,,0,0.0,0.0,0.0,,,,,,,,none
58,LAL,Ater Majok,0,,,,,,,2011,2011,0.0,0,0.0,0,0.0,0,0.0,0,,0,0.0,0.0,0.0,,,,,,,,none
59,SAS,Ádám Hanga,0,,,,,,,2011,2011,0.0,0,0.0,0,0.0,0,0.0,0,,0,0.0,0.0,0.0,,,,,,,,none
60,SAC,Isaiah Thomas,12,556,15582,45.3,.140,2.1,16.1,2011,2023,81.0,0,28.0,0,0.0,0,324.0,0,78.0,0,256.0,1.0,27.0,,2017,,"2016,2017",,,2017,second
1,NOH,Anthony Davis,14,807,27741,120.3,.208,5.8,54.9,2012,2026,732.0,0,306.0,0,558.0,0,0.0,0,182.0,0,2332.0,813.0,57.0,"2015,2017,2018,2020",2024,,"2014,2015,2016,2017,2018,2019,2020,2021,2023,2024","2018,2020,2024","2015,2017","2015,2017,2018,2020",first
2,CHA,Michael Kidd-Gilchrist,8,446,10978,21.0,.092,-1.8,0.6,2012,2020,0.0,0,3.0,0,9.0,0,0.0,0,,0,0.0,27.0,29.0,,,,,,,,second
3,WAS,Bradley Beal,14,807,27681,58.4,.101,1.4,23.7,2012,2026,0.0,0,94.0,0,0.0,0,0.0,0,22.0,0,103.0,1.0,57.0,,,2021,"2020,2021",,,,first
4,CLE,Dion Waiters,8,419,11835,8.8,.036,-2.1,-0.4,2012,2020,0.0,0,21.0,0,0.0,0,3.0,0,4.0,0,0.0,0.0,50.0,,,,,,,,first
5,SAC,Thomas Robinson,5,313,4204,4.6,.053,-3.5,-1.6,2012,2017,0.0,0,0.0,0,0.0,0,0.0,0,,0,0.0,0.0,0.0,,,,,,,,none
6,POR,Damian Lillard,13,900,32614,118.4,.174,4.6,54.5,2012,2026,363.0,0,605.0,2013,0.0,0,0.0,0,,0,1525.0,4.0,58.0,2018,"2016,2019,2020","2014,2023","2014,2015,2016,2017,2018,2019,2020,2023",,,"2016,2018,2019,2020,2021",first
7,GSW,Harrison Barnes,14,1046,32508,64.8,.096,-0.8,9.6,2012,2026,0.0,0,8.0,0,0.0,0,0.0,0,2.0,0,0.0,1.0,47.0,,,,,,,,first
8,TOR,Terrence Ross,11,733,17956,25.0,.067,-1.0,4.5,2012,2023,0.0,0,0.0,0,0.0,0,12.0,0,,0,0.0,0.0,1.0,,,,,,,,none
9,DET,Andre Drummond,14,943,25000,79.0,.152,1.0,18.8,2012,2026,0.0,0,36.0,0,9.0,0,0.0,0,60.0,0,16.0,22.0,35.0,,,,"2014,2015,2018,2019,2020",,,,second
10,NOH,Austin Rivers,11,707,16858,15.2,.043,-3.1,-4.5,2012,2023,0.0,0,0.0,0,0.0,0,0.0,0,,0,0.0,1.0,0.0,,,,,,,,none
11,POR,Meyers Leonard,10,456,7272,15.8,.104,-1.5,1.0,2012,2022,0.0,0,0.0,0,0.0,0,0.0,0,1.0,0,0.0,0.0,0.0,,,,,,,,none
12,HOU,Jeremy Lamb,10,573,11896,26.8,.108,0.6,7.9,2012,2022,0.0,0,0.0,0,0.0,0,0.0,0,,0,0.0,0.0,0.0,,,,,,,,none
13,PHO,Kendall Marshall,4,160,3083,1.0,.015,-3.5,-1.1,2012,2016,0.0,0,0.0,0,0.0,0,0.0,0,,0,0.0,0.0,0.0,,,,,,,,none
14,MIL,John Henson,8,445,8752,20.7,.113,-0.5,3.4,2012,2020,0.0,0,0.0,0,0.0,0,0.0,0,,0,0.0,0.0,0.0,,,,,,,,none
15,PHI,Maurice Harkless,10,621,14019,23.0,.079,-0.8,4.1,2012,2022,0.0,0,0.0,0,0.0,0,0.0,0,,0,0.0,0.0,14.0,,,,,,,,none
16,HOU,Royce White,1,3,9,0.0,-.121,-16.9,0.0,2012,2013,0.0,0,0.0,0,0.0,0,0.0,0,,0,0.0,0.0,0.0,,,,,,,,none
17,DAL,Tyler Zeller,8,414,7254,17.1,.113,-2.0,0.0,2012,2020,0.0,0,0.0,0,0.0,0,0.0,0,5.0,0,0.0,0.0,15.0,,,,,,,,second
18,HOU,Terrence Jones,6,234,5562,14.7,.127,0.5,3.6,2012,2018,0.0,0,0.0,0,0.0,0,0.0,0,3.0,0,0.0,0.0,1.0,,,,,,,,none
19,ORL,Andrew Nicholson,5,285,4080,3.8,.045,-3.6,-1.6,2012,2017,0.0,0,0.0,0,0.0,0,0.0,0,,0,0.0,0.0,4.0,,,,,,,,none
20,DEN,Evan Fournier,12,704,19514,30.5,.075,-1.1,4.3,2012,2024,0.0,0,0.0,0,0.0,0,0.0,0,4.0,0,0.0,0.0,0.0,,,,,,,,none
21,BOS,Jared Sullinger,5,269,6532,15.3,.113,-0.4,2.7,2012,2017,0.0,0,0.0,0,0.0,0,0.0,0,,0,0.0,0.0,0.0,,,,,,,,none
22,BOS,Fab Melo,1,6,36,0.0,.021,-7.6,-0.1,2012,2013,0.0,0,0.0,0,0.0,0,0.0,0,,0,0.0,0.0,0.0,,,,,,,,none
23,ATL,John Jenkins,6,171,2183,3.0,.065,-1.9,0.1,2012,2018,0.0,0,1.0,0,0.0,0,0.0,0,,0,0.0,0.0,1.0,,,,,,,,none
24,CLE,Jared Cunningham,4,84,605,0.2,.017,-5.7,-0.6,2012,2016,0.0,0,0.0,0,0.0,0,0.0,0,,0,0.0,0.0,0.0,,,,,,,,none
25,MEM,Tony Wroten,4,145,3076,-1.3,-.021,-3.4,-1.1,2012,2016,0.0,0,0.0,0,0.0,0,0.0,0,,0,0.0,0.0,0.0,,,,,,,,none
26,IND,Miles Plumlee,7,346,5658,10.6,.090,-1.9,0.2,2012,2019,0.0,0,0.0,0,0.0,0,0.0,0,,0,0.0,0.0,0.0,,,,,,,,none
27,MIA,Arnett Moultrie,2,59,729,1.7,.113,-2.8,-0.1,2012,2014,0.0,0,0.0,0,0.0,0,0.0,0,,0,0.0,0.0,0.0,,,,,,,,none
28,OKC,Perry Jones,3,143,1675,1.7,.048,-3.5,-0.6,2012,2015,0.0,0,0.0,0,0.0,0,0.0,0,,0,0.0,0.0,0.0,,,,,,,,none
29,CHI,Marquis Teague,3,91,909,-0.9,-.045,-6.5,-1.0,2012,2015,0.0,0,0.0,0,0.0,0,0.0,0,,0,0.0,0.0,0.0,,,,,,,,none
30,GSW,Festus Ezeli,3,170,2394,5.9,.119,-2.0,0.0,2012,2015,0.0,0,0.0,0,0.0,0,0.0,0,,0,0.0,0.0,1.0,,,,,,,,none
31,CHA,Jeff Taylor,3,132,2566,1.3,.024,-4.2,-1.5,2012,2015,0.0,0,0.0,0,0.0,0,0.0,0,,0,0.0,0.0,1.0,,,,,,,,none
32,WAS,Tomáš Satoranský,6,388,8617,17.9,.100,-0.9,2.4,2012,2018,0.0,0,0.0,0,0.0,0,1.0,0,,0,0.0,0.0,0.0,,,,,,,,none
33,CLE,Bernard James,3,92,761,1.9,.117,-1.8,0.0,2012,2015,0.0,0,0.0,0,0.0,0,0.0,0,,0,0.0,0.0,0.0,,,,,,,,none
34,CLE,Jae Crowder,13,812,20161,43.0,.102,0.1,10.9,2012,2025,0.0,0,0.0,0,1.0,0,1.0,0,48.0,0,0.0,53.0,1.0,,,,,,,,none
35,GSW,Draymond Green,14,926,26481,65.6,.119,2.2,27.7,2012,2026,50.0,0,0.0,0,1464.0,2017,0.0,0,243.0,0,447.0,1304.0,1.0,,2016,,"2015,2016,2018,2021","2015,2016,2017,2021,2025","2018,2019,2022,2023",2016,none
36,SAC,Orlando Johnson,3,103,1112,1.4,.059,-2.4,-0.1,2012,2015,0.0,0,0.0,0,0.0,0,0.0,0,,0,0.0,0.0,0.0,,,,,,,,none
37,TOR,Quincy Acy,7,337,5392,8.7,.078,-2.0,-0.1,2012,2019,0.0,0,0.0,0,0.0,0,0.0,0,,0,0.0,0.0,0.0,,,,,,,,none
38,DEN,Quincy Miller,3,69,934,-0.1,-.003,-3.9,-0.5,2012,2015,0.0,0,0.0,0,0.0,0,0.0,0,,0,0.0,0.0,0.0,,,,,,,,none
39,DET,Khris Middleton,14,811,24672,58.3,.113,0.6,16.2,2012,2026,0.0,0,0.0,0,0.0,0,0.0,0,4.0,0,3.0,11.0,0.0,,,,"2015,2021,2022",,,,none
40,POR,Will Barton,11,679,17116,26.5,.074,-0.4,6.9,2012,2023,0.0,0,0.0,0,0.0,0,220.0,0,62.0,0,0.0,1.0,0.0,,,,,,,,none
41,POR,Tyshawn Taylor,2,61,491,-0.9,-.088,-8.1,-0.8,2012,2014,0.0,0,0.0,0,0.0,0,0.0,0,,0,0.0,0.0,0.0,,,,,,,,none
42,MIL,Doron Lamb,2,100,1272,0.1,.005,-5.8,-1.2,2012,2014,0.0,0,0.0,0,0.0,0,0.0,0,,0,0.0,0.0,0.0,,,,,,,,none
43,ATL,Mike Scott,9,555,9182,16.8,.088,-1.7,0.6,2012,2021,0.0,0,0.0,0,0.0,0,0.0,0,,0,0.0,1.0,0.0,,,,,,,,none
44,DET,Kim English,1,41,407,0.2,.021,-4.2,-0.2,2012,2013,0.0,0,0.0,0,0.0,0,0.0,0,,0,0.0,0.0,0.0,,,,,,,,none
45,PHI,Justin Hamilton,3,113,1961,3.7,.091,-0.9,0.5,2012,2015,0.0,0,0.0,0,0.0,0,0.0,0,,0,0.0,0.0,0.0,,,,,,,,none
46,NOH,Darius Miller,6,271,5358,6.5,.059,-2.3,-0.4,2012,2018,0.0,0,0.0,0,0.0,0,0.0,0,,0,0.0,0.0,0.0,,,,,,,,none
47,UTA,Kevin Murphy,1,17,52,-0.3,-.272,-16.8,-0.2,2012,2013,0.0,0,0.0,0,0.0,0,0.0,0,,0,0.0,0.0,0.0,,,,,,,,none
48,NYK,Kostas Papanikolaou,2,69,1089,0.3,.015,-2.7,-0.2,2012,2014,0.0,0,0.0,0,0.0,0,0.0,0,,0,0.0,0.0,4.0,,,,,,,,none
49,ORL,Kyle O'Quinn,8,472,6714,17.8,.128,0.9,5.0,2012,2020,0.0,0,0.0,0,0.0,0,0.0,0,,0,0.0,0.0,0.0,,,,,,,,none
50,DEN,İzzet Türkyılmaz,0,,,,,,,2012,2012,0.0,0,0.0,0,0.0,0,0.0,0,,0,0.0,0.0,0.0,,,,,,,,none
51,BOS,Kris Joseph,1,10,54,-0.1,-.127,-9.9,-0.1,2012,2013,0.0,0,0.0,0,0.0,0,0.0,0,,0,0.0,0.0,0.0,,,,,,,,none
52,GSW,Ognjen Kuzmić,2,37,164,0.2,.061,-5.6,-0.2,2012,2014,0.0,0,0.0,0,0.0,0,0.0,0,,0,0.0,0.0,0.0,,,,,,,,none
53,LAC,Furkan Aldemir,1,41,540,1.4,.122,-3.6,-0.2,2012,2013,0.0,0,0.0,0,0.0,0,0.0,0,,0,0.0,0.0,0.0,,,,,,,,none
54,PHI,Tornike Shengelia,2,45,247,-0.2,-.032,-7.0,-0.3,2012,2014,0.0,0,0.0,0,0.0,0,0.0,0,,0,0.0,0.0,0.0,,,,,,,,none
55,DAL,Darius Johnson-Odom,2,7,21,-0.3,-.597,-25.5,-0.1,2012,2014,0.0,0,0.0,0,0.0,0,0.0,0,,0,0.0,0.0,0.0,,,,,,,,none
56,TOR,Tomislav Zubčić,0,,,,,,,2012,2012,0.0,0,0.0,0,0.0,0,0.0,0,,0,0.0,0.0,0.0,,,,,,,,none
57,NJN,İlkan Karaman,0,,,,,,,2012,2012,0.0,0,0.0,0,0.0,0,0.0,0,,0,0.0,0.0,0.0,,,,,,,,none
58,MIN,Robbie Hummel,2,98,1397,1.9,.066,-3.1,-0.4,2012,2014,0.0,0,0.0,0,0.0,0,0.0,0,,0,0.0,0.0,0.0,,,,,,,,none
59,SAS,Marcus Denmon,0,,,,,,,2012,2012,0.0,0,0.0,0,0.0,0,0.0,0,,0,0.0,0.0,0.0,,,,,,,,none
60,LAL,Robert Sacre,4,189,2745,2.4,.042,-4.0,-1.4,2012,2016,0.0,0,0.0,0,0.0,0,0.0,0,,0,0.0,0.0,0.0,,,,,,,,none
1,CLE,Anthony Bennett,4,151,1905,0.5,.013,-4.8,-1.3,2013,2017,0.0,0,0.0,0,0.0,0,0.0,0,,0,0.0,0.0,1.0,,,,,,,,none
2,ORL,Victor Oladipo,10,504,16247,25.6,.076,0.7,11.0,2013,2023,2.0,0,364.0,0,1.0,0,0.0,0,502.0,2018,105.0,142.0,248.0,,,2018,2018,2018,,2018,first
3,WAS,Otto Porter Jr.,11,527,13400,36.7,.132,1.7,12.5,2013,2024,0.0,0,0.0,0,0.0,0,0.0,0,43.0,0,0.0,0.0,0.0,,,,,,,,none
4,CHA,Cody Zeller,11,552,11510,33.5,.140,-0.7,3.9,2013,2024,0.0,0,0.0,0,0.0,0,0.0,0,,0,0.0,1.0,67.0,,,,,,,,second
5,PHO,Alex Len,12,690,11754,23.9,.097,-1.9,0.3,2013,2025,0.0,0,0.0,0,0.0,0,0.0,0,,0,0.0,0.0,1.0,,,,,,,,none
6,NOH,Nerlens Noel,9,467,10281,28.3,.132,0.9,7.4,2013,2024,0.0,0,141.0,0,1.0,0,0.0,0,,0,0.0,6.0,252.0,,,,,,,,first
7,SAC,Ben McLemore,9,556,12534,9.0,.035,-3.1,-3.4,2013,2022,0.0,0,0.0,0,0.0,0,0.0,0,,0,0.0,0.0,63.0,,,,,,,,none
8,DET,Kentavious Caldwell-Pope,13,962,28097,49.7,.085,-1.0,7.3,2013,2026,0.0,0,0.0,0,1.0,0,0.0,0,2.0,0,0.0,43.0,6.0,,,,,,,,none
9,MIN,Trey Burke,9,498,10401,12.9,.060,-1.3,1.7,2013,2022,0.0,0,96.0,0,0.0,0,0.0,0,,0,0.0,0.0,230.0,,,,,,,,first
10,POR,CJ McCollum,13,837,26769,53.5,.096,1.1,20.8,2013,2026,0.0,0,0.0,0,0.0,0,0.0,0,559.0,2016,0.0,0.0,1.0,,,,,,,,none
11,PHI,Michael Carter-Williams,9,395,9942,6.6,.032,-1.2,1.8,2013,2022,0.0,0,569.0,2014,0.0,0,0.0,0,,0,0.0,1.0,250.0,,,,,,,,first
12,OKC,Steven Adams,12,796,20468,63.7,.149,0.5,12.9,2013,2026,0.0,0,1.0,0,3.0,0,0.0,0,34.0,0,2.0,3.0,65.0,,,,2018,,,,second
13,DAL,Kelly Olynyk,13,830,18284,46.8,.123,0.8,13.0,2013,2026,0.0,0,0.0,0,0.0,0,7.0,0,,0,0.0,0.0,119.0,,,,,,,,second
14,UTA,Shabazz Muhammad,5,278,4772,8.5,.085,-2.0,0.0,2013,2018,0.0,0,0.0,0,0.0,0,0.0,0,,0,0.0,0.0,1.0,,,,,,,,none
15,MIL,Giannis Antetokounmpo,13,889,29110,125.5,.207,6.8,65.2,2013,2026,4196.0,2019,1.0,0,804.0,2020,0.0,0,560.0,2017,2231.0,850.0,116.0,"2022,2023,2024,2025",2017,,"2017,2022,2023,2024,2025","2019,2020,2021,2022",2017,"2017,2018,2019,2020,2021,2022,2023,2024,2025",second
16,BOS,Lucas Nogueira,4,141,1754,6.0,.165,2.3,1.9,2013,2017,0.0,0,0.0,0,0.0,0,0.0,0,,0,0.0,0.0,0.0,,,,,,,,none
17,ATL,Dennis Schröder,13,885,24141,33.3,.066,-1.5,2.9,2013,2026,0.0,0,0.0,0,0.0,0,351.0,0,9.0,0,0.0,4.0,0.0,,,,,,,,none
18,ATL,Shane Larkin,4,256,4880,4.4,.044,-2.4,-0.6,2013,2017,0.0,0,0.0,0,0.0,0,0.0,0,,0,0.0,0.0,0.0,,,,,,,,none
19,CLE,Sergey Karasev,3,95,1110,0.8,.036,-3.4,-0.4,2013,2016,0.0,0,0.0,0,0.0,0,0.0,0,,0,0.0,0.0,0.0,,,,,,,,none
20,CHI,Tony Snell,9,601,13092,18.5,.068,-2.0,-0.1,2013,2022,0.0,0,0.0,0,0.0,0,0.0,0,,0,0.0,0.0,4.0,,,,,,,,none
21,UTA,Gorgui Dieng,10,628,12625,30.7,.117,0.2,7.1,2013,2023,0.0,0,3.0,0,0.0,0,0.0,0,,0,0.0,0.0,96.0,,,,,,,,second
22,BRK,Mason Plumlee,13,874,18922,58.2,.148,1.2,15.2,2013,2026,0.0,0,58.0,0,0.0,0,0.0,0,,0,0.0,0.0,214.0,,,,,,,,first
23,IND,Solomon Hill,9,448,9652,11.9,.059,-2.1,-0.3,2013,2022,0.0,0,0.0,0,0.0,0,0.0,0,,0,0.0,0.0,0.0,,,,,,,,none
24,NYK,Tim Hardaway Jr.,13,866,23721,36.9,.075,-1.2,4.9,2013,2026,0.0,0,23.0,0,0.0,0,29.0,0,14.0,0,0.0,0.0,204.0,,,,,,,,first
25,LAC,Reggie Bullock,11,556,12556,21.4,.082,-1.2,2.6,2013,2024,0.0,0,0.0,0,0.0,0,0.0,0,,0,0.0,0.0,1.0,,,,,,,,none
26,MIN,Andre Roberson,7,307,6801,12.6,.089,-0.6,2.3,2013,2020,0.0,0,0.0,0,3.0,0,0.0,0,,0,0.0,71.0,1.0,,,,,,2017,,none
27,DEN,Rudy Gobert,13,882,27092,122.3,.217,3.1,35.2,2013,2026,9.0,0,0.0,0,2413.0,2018,0.0,0,302.0,0,307.0,1516.0,0.0,,,"2019,2020","2018,2019,2020,2022,2024","2017,2018,2019,2020,2021,2022,2024",2025,"2019,2021",none
28,SAS,Livio Jean-Charles,0,,,,,,,2013,2013,0.0,0,0.0,0,0.0,0,0.0,0,,0,0.0,0.0,0.0,,,,,,,,none
29,OKC,Archie Goodwin,4,165,2396,1.1,.022,-3.0,-0.6,2013,2017,0.0,0,0.0,0,0.0,0,0.0,0,,0,0.0,0.0,0.0,,,,,,,,none
30,PHO,Nemanja Nedović,1,24,142,-0.4,-.132,-10.0,-0.3,2013,2014,0.0,0,0.0,0,0.0,0,0.0,0,,0,0.0,0.0,0.0,,,,,,,,none
31,CLE,Allen Crabbe,7,381,9125,13.7,.072,-1.6,0.9,2013,2020,0.0,0,0.0,0,0.0,0,1.0,0,,0,0.0,0.0,0.0,,,,,,,,none
32,OKC,Álex Abrines,3,174,2777,5.0,.086,-1.9,0.1,2013,2016,0.0,0,0.0,0,0.0,0,0.0,0,,0,0.0,0.0,4.0,,,,,,,,none
33,CLE,Carrick Felix,1,7,38,0.0,.057,-3.4,0.0,2013,2014,0.0,0,0.0,0,0.0,0,0.0,0,,0,0.0,0.0,0.0,,,,,,,,none
34,HOU,Isaiah Canaan,6,235,4799,4.3,.043,-2.4,-0.5,2013,2019,0.0,0,0.0,0,0.0,0,0.0,0,,0,0.0,0.0,0.0,,,,,,,,none
35,PHI,Glen Rice Jr.,2,16,152,-0.2,-.065,-6.6,-0.2,2013,2015,0.0,0,0.0,0,0.0,0,0.0,0,,0,0.0,0.0,0.0,,,,,,,,none
36,SAC,Ray McCallum,3,154,2808,2.1,.035,-2.6,-0.4,2013,2016,0.0,0,0.0,0,0.0,0,0.0,0,,0,0.0,0.0,8.0,,,,,,,,none
37,DET,Tony Mitchell,1,21,79,0.2,.151,0.4,0.0,2013,2014,0.0,0,0.0,0,0.0,0,0.0,0,,0,0.0,0.0,0.0,,,,,,,,none
38,WAS,Nate Wolters,3,84,1575,0.9,.028,-2.6,-0.2,2013,2016,0.0,0,0.0,0,0.0,0,0.0,0,,0,0.0,0.0,20.0,,,,,,,,none
39,POR,Jeff Withey,5,207,2072,6.8,.157,0.5,1.3,2013,2018,0.0,0,0.0,0,0.0,0,0.0,0,,0,0.0,0.0,1.0,,,,,,,,none
40,POR,Grant Jerrett,1,8,51,-0.1,-.128,-10.8,-0.1,2013,2014,0.0,0,0.0,0,0.0,0,0.0,0,,0,0.0,0.0,0.0,,,,,,,,none
41,MEM,Jamaal Franklin,2,24,174,0.0,-.006,-5.9,-0.2,2013,2015,0.0,0,0.0,0,0.0,0,0.0,0,,0,0.0,0.0,0.0,,,,,,,,none
42,PHI,Pierre Jackson,1,8,84,0.0,.021,-4.4,-0.1,2013,2014,0.0,0,0.0,0,0.0,0,0.0,0,,0,0.0,0.0,0.0,,,,,,,,none
43,MIL,Ricky Ledo,2,28,277,-0.6,-.096,-7.6,-0.4,2013,2015,0.0,0,0.0,0,0.0,0,0.0,0,,0,0.0,0.0,0.0,,,,,,,,none
44,DAL,Mike Muscala,11,548,8239,19.2,.112,-0.2,3.7,2013,2024,0.0,0,0.0,0,0.0,0,0.0,0,,0,0.0,0.0,0.0,,,,,,,,none
45,POR,Marko Todorović,0,,,,,,,2013,2013,0.0,0,0.0,0,0.0,0,0.0,0,,0,0.0,0.0,0.0,,,,,,,,none
46,UTA,Erick Green,2,52,452,0.1,.011,-4.0,-0.2,2013,2015,0.0,0,0.0,0,0.0,0,0.0,0,,0,0.0,0.0,0.0,,,,,,,,none
47,ATL,Raul Neto,8,435,6765,11.6,.082,-1.5,0.8,2013,2021,0.0,0,0.0,0,0.0,0,0.0,0,,0,0.0,0.0,1.0,,,,,,,,none
48,LAL,Ryan Kelly,4,163,3125,3.0,.046,-2.6,-0.5,2013,2017,0.0,0,0.0,0,0.0,0,0.0,0,,0,0.0,0.0,29.0,,,,,,,,none
49,CHI,Erik Murphy,1,24,62,-0.1,-.055,-8.6,-0.1,2013,2014,0.0,0,0.0,0,0.0,0,0.0,0,,0,0.0,0.0,0.0,,,,,,,,none
50,ATL,James Ennis III,8,395,8022,16.2,.097,-1.5,0.9,2013,2021,0.0,0,0.0,0,0.0,0,0.0,0,,0,0.0,0.0,1.0,,,,,,,,none
51,ORL,Romero Osby,0,,,,,,,2013,2013,0.0,0,0.0,0,0.0,0,0.0,0,,0,0.0,0.0,0.0,,,,,,,,none
52,MIN,Lorenzo Brown,5,103,1185,-0.2,-.007,-3.5,-0.5,2013,2018,0.0,0,0.0,0,0.0,0,0.0,0,,0,0.0,0.0,0.0,,,,,,,,none
53,IND,Colton Iverson,0,,,,,,,2013,2013,0.0,0,0.0,0,0.0,0,0.0,0,,0,0.0,0.0,0.0,,,,,,,,none
54,WAS,Arsalan Kazemi,0,,,,,,,2013,2013,0.0,0,0.0,0,0.0,0,0.0,0,,0,0.0,0.0,0.0,,,,,,,,none
55,MEM,Joffrey Lauvergne,4,208,2823,5.2,.089,-2.1,-0.1,2013,2017,0.0,0,0.0,0,0.0,0,0.0,0,,0,0.0,0.0,0.0,,,,,,,,none
56,DET,Peyton Siva,1,24,224,-0.2,-.032,-6.4,-0.2,2013,2014,0.0,0,0.0,0,0.0,0,0.0,0,,0,0.0,0.0,0.0,,,,,,,,none
57,PHO,Alex Oriakhi,0,,,,,,,2013,2013,0.0,0,0.0,0,0.0,0,0.0,0,,0,0.0,0.0,0.0,,,,,,,,none
58,SAS,Deshaun Thomas,0,,,,,,,2013,2013,0.0,0,0.0,0,0.0,0,0.0,0,,0,0.0,0.0,0.0,,,,,,,,none
59,MIN,Bojan Dubljević,0,,,,,,,2013,2013,0.0,0,0.0,0,0.0,0,0.0,0,,0,0.0,0.0,0.0,,,,,,,,none
60,MEM,Jānis Timma,0,,,,,,,2013,2013,0.0,0,0.0,0,0.0,0,0.0,0,,0,0.0,0.0,0.0,,,,,,,,none
1,CLE,Andrew Wiggins,12,816,27452,36.2,.063,-1.2,5.3,2014,2026,0.0,0,604.0,2015,0.0,0,0.0,0,1.0,0,0.0,1.0,260.0,,,,,,,,first
2,MIL,Jabari Parker,8,310,8535,13.8,.078,-0.8,2.5,2014,2022,0.0,0,0.0,0,0.0,0,0.0,0,,0,0.0,0.0,13.0,,,,,,,,none
3,PHI,Joel Embiid,10,483,15379,68.3,.213,6.7,33.8,2014,2026,2260.0,2023,177.0,0,203.0,0,0.0,0,,0,1613.0,316.0,171.0,2023,"2018,2021,2022",,"2018,2020,2021,2022,2023",,"2018,2019,2021","2018,2019,2021,2022,2023",first
4,ORL,Aaron Gordon,12,743,21718,49.2,.109,0.4,13.2,2014,2026,0.0,0,0.0,0,0.0,0,0.0,0,3.0,0,0.0,7.0,5.0,,,,,,,,none
5,UTA,Dante Exum,8,320,6005,6.6,.053,-2.8,-1.2,2014,2022,0.0,0,0.0,0,0.0,0,0.0,0,,0,0.0,0.0,17.0,,,,,,,,none
6,BOS,Marcus Smart,12,678,19950,35.4,.085,-0.5,7.5,2014,2026,0.0,0,6.0,0,268.0,2022,0.0,0,,0,0.0,600.0,142.0,,,,,"2019,2020,2022",,,second
7,LAL,Julius Randle,12,765,24587,55.9,.109,1.1,19.1,2014,2026,20.0,0,0.0,0,0.0,0,0.0,0,529.0,2021,378.0,4.0,0.0,,2021,2023,"2021,2023",,,2021,none
8,SAC,Nik Stauskas,6,343,6701,3.9,.028,-3.0,-1.7,2014,2020,0.0,0,0.0,0,0.0,0,0.0,0,,0,0.0,0.0,1.0,,,,,,,,none
9,CHO,Noah Vonleh,8,362,5854,9.4,.077,-2.5,-0.7,2014,2022,0.0,0,0.0,0,0.0,0,0.0,0,,0,0.0,0.0,0.0,,,,,,,,none
10,PHI,Elfrid Payton,9,524,13894,15.1,.052,-1.1,3.1,2014,2023,0.0,0,79.0,0,0.0,0,0.0,0,,0,0.0,1.0,250.0,,,,,,,,first
11,DEN,Doug McDermott,12,707,13664,21.4,.075,-2.2,-0.6,2014,2026,0.0,0,0.0,0,0.0,0,0.0,0,,0,0.0,0.0,0.0,,,,,,,,none
12,ORL,Dario Šarić,9,498,11120,20.8,.090,-0.8,3.4,2014,2023,0.0,0,266.0,0,0.0,0,0.0,0,3.0,0,0.0,0.0,200.0,,,,,,,,first
13,MIN,Zach LaVine,12,693,22685,38.7,.082,0.5,14.6,2014,2026,0.0,0,0.0,0,0.0,0,4.0,0,22.0,0,3.0,0.0,135.0,,,,"2020,2021,2023",,,,second
14,PHO,T.J. Warren,9,385,10365,20.9,.097,-0.4,4.1,2014,2023,0.0,0,0.0,0,0.0,0,0.0,0,1.0,0,0.0,0.0,4.0,,,,,,,,none
15,ATL,Adreian Payne,4,107,1403,-0.6,-.019,-5.9,-1.4,2014,2018,0.0,0,0.0,0,0.0,0,0.0,0,,0,0.0,0.0,0.0,,,,,,,,none
16,CHI,Jusuf Nurkić,12,630,15404,34.7,.108,0.4,9.4,2014,2026,0.0,0,3.0,0,1.0,0,0.0,0,3.0,0,0.0,0.0,97.0,,,,,,,,second
17,BOS,James Young,4,95,812,0.8,.046,-3.4,-0.3,2014,2018,0.0,0,0.0,0,0.0,0,0.0,0,,0,0.0,0.0,1.0,,,,,,,,none
18,PHO,Tyler Ennis,4,186,2336,1.3,.026,-3.4,-0.8,2014,2018,0.0,0,0.0,0,0.0,0,0.0,0,,0,0.0,0.0,0.0,,,,,,,,none
19,CHI,Gary Harris,12,655,17212,27.5,.077,-1.4,2.6,2014,2026,0.0,0,0.0,0,0.0,0,0.0,0,8.0,0,0.0,4.0,0.0,,,,,,,,none
20,TOR,Bruno Caboclo,7,105,1293,1.5,.054,-2.7,-0.2,2014,2021,0.0,0,0.0,0,0.0,0,0.0,0,,0,0.0,0.0,0.0,,,,,,,,none
21,OKC,Mitch McGary,2,52,557,1.3,.108,-2.6,-0.1,2014,2016,0.0,0,0.0,0,0.0,0,0.0,0,,0,0.0,0.0,9.0,,,,,,,,none
22,MEM,Jordan Adams,2,32,263,0.4,.070,1.7,0.2,2014,2016,0.0,0,0.0,0,0.0,0,0.0,0,,0,0.0,0.0,0.0,,,,,,,,none
23,UTA,Rodney Hood,8,448,10977,17.4,.076,-1.2,2.2,2014,2022,0.0,0,0.0,0,0.0,0,1.0,0,3.0,0,0.0,0.0,54.0,,,,,,,,none
24,CHO,Shabazz Napier,6,345,5986,8.1,.065,-0.7,2.0,2014,2020,0.0,0,0.0,0,0.0,0,0.0,0,,0,0.0,0.0,1.0,,,,,,,,none
25,HOU,Clint Capela,12,710,17943,71.5,.191,1.6,16.3,2014,2026,0.0,0,0.0,0,12.0,0,0.0,0,103.0,0,12.0,36.0,0.0,,,,"2018,2021",,,,none
26,MIA,P.J. Hairston,2,111,2000,0.9,.021,-3.9,-1.0,2014,2016,0.0,0,0.0,0,0.0,0,0.0,0,,0,0.0,0.0,0.0,,,,,,,,none
27,PHO,Bogdan Bogdanović,9,520,14670,24.9,.081,0.1,7.6,2014,2023,0.0,0,0.0,0,0.0,0,50.0,0,,0,0.0,0.0,75.0,,,,,,,,second
28,LAC,C.J. Wilcox,3,66,376,0.1,.007,-4.3,-0.2,2014,2017,0.0,0,0.0,0,0.0,0,0.0,0,,0,0.0,0.0,0.0,,,,,,,,none
29,OKC,Josh Huestis,3,76,1068,0.7,.030,-3.5,-0.4,2014,2017,0.0,0,0.0,0,0.0,0,0.0,0,,0,0.0,0.0,0.0,,,,,,,,none
30,SAS,Kyle Anderson,12,736,15778,40.2,.122,1.7,14.7,2014,2026,0.0,0,0.0,0,0.0,0,0.0,0,2.0,0,0.0,1.0,0.0,,,,,,,,none
31,MIL,Damien Inglis,1,20,156,-0.1,-.024,-5.6,-0.1,2014,2015,0.0,0,0.0,0,0.0,0,0.0,0,,0,0.0,0.0,0.0,,,,,,,,none
32,PHI,K.J. McDaniels,3,148,2092,1.3,.030,-2.8,-0.4,2014,2017,0.0,0,0.0,0,0.0,0,0.0,0,,0,0.0,0.0,0.0,,,,,,,,none
33,CLE,Joe Harris,10,504,12298,23.1,.090,-0.7,4.1,2014,2024,0.0,0,0.0,0,0.0,0,0.0,0,,0,0.0,0.0,0.0,,,,,,,,none
34,NYK,Cleanthony Early,2,56,801,-0.6,-.039,-5.9,-0.8,2014,2016,0.0,0,0.0,0,0.0,0,0.0,0,,0,0.0,0.0,0.0,,,,,,,,none
35,UTA,Jarnell Stokes,3,28,151,0.6,.202,0.1,0.1,2014,2017,0.0,0,0.0,0,0.0,0,0.0,0,,0,0.0,0.0,0.0,,,,,,,,none
36,MIL,Johnny O'Bryant,4,147,1684,0.2,.006,-6.2,-1.8,2014,2018,0.0,0,0.0,0,0.0,0,0.0,0,,0,0.0,0.0,0.0,,,,,,,,none
37,TOR,DeAndre Daniels,0,,,,,,,2014,2014,0.0,0,0.0,0,0.0,0,0.0,0,,0,0.0,0.0,0.0,,,,,,,,none
38,DET,Spencer Dinwiddie,11,621,17219,36.0,.100,-0.1,8.1,2014,2026,0.0,0,0.0,0,0.0,0,34.0,0,52.0,0,0.0,0.0,4.0,,,,,,,,none
39,PHI,Jerami Grant,12,757,21156,39.2,.089,-0.4,8.4,2014,2026,0.0,0,0.0,0,0.0,0,0.0,0,141.0,0,0.0,0.0,4.0,,,,,,,,none
40,MIN,Glenn Robinson III,7,304,5299,7.9,.071,-1.7,0.4,2014,2021,0.0,0,0.0,0,0.0,0,0.0,0,,0,0.0,0.0,0.0,,,,,,,,none
41,DEN,Nikola Jokić,11,783,24953,137.9,.265,10.6,79.1,2014,2026,4463.0,2021,59.0,0,0.0,0,0.0,0,167.0,0,3095.0,1.0,186.0,"2019,2021,2022,2024,2025","2020,2023",,"2017,2018,2019,2020,2021,2022,2023,2024,2025",,,"2019,2020,2021,2022,2023,2024,2025",first
42,HOU,Nick Johnson,1,28,262,-0.1,-.020,-6.5,-0.3,2014,2015,0.0,0,0.0,0,0.0,0,0.0,0,,0,0.0,0.0,0.0,,,,,,,,none
43,ATL,Edy Tavares,2,13,101,0.2,.118,-0.4,0.0,2014,2016,0.0,0,0.0,0,0.0,0,0.0,0,,0,0.0,0.0,0.0,,,,,,,,none
44,MIN,Markel Brown,3,113,1794,1.1,.029,-2.9,-0.4,2014,2017,0.0,0,0.0,0,0.0,0,0.0,0,,0,0.0,0.0,0.0,,,,,,,,none
45,CHO,Dwight Powell,12,744,13103,49.4,.181,0.7,9.1,2014,2026,0.0,0,0.0,0,0.0,0,0.0,0,,0,0.0,0.0,0.0,,,,,,,,none
46,WAS,Jordan Clarkson,12,803,21774,24.9,.055,-1.1,5.0,2014,2026,0.0,0,2.0,0,0.0,0,439.0,2021,3.0,0,0.0,0.0,200.0,,,,,,,,first
47,PHI,Russ Smith,2,27,131,-0.2,-.068,-5.1,-0.1,2014,2016,0.0,0,0.0,0,0.0,0,0.0,0,,0,0.0,0.0,0.0,,,,,,,,none
48,MIL,Lamar Patterson,2,40,435,0.1,.006,-5.7,-0.4,2014,2016,0.0,0,0.0,0,0.0,0,0.0,0,,0,0.0,0.0,0.0,,,,,,,,none
49,CHI,Cameron Bairstow,2,36,167,-0.1,-.021,-8.1,-0.3,2014,2016,0.0,0,0.0,0,0.0,0,0.0,0,,0,0.0,0.0,0.0,,,,,,,,none
50,PHO,Alec Brown,0,,,,,,,2014,2014,0.0,0,0.0,0,0.0,0,0.0,0,,0,0.0,0.0,0.0,,,,,,,,none
51,NYK,Thanasis Antetokounmpo,7,216,1574,2.0,.062,-4.2,-0.9,2014,2021,0.0,0,0.0,0,0.0,0,0.0,0,,0,0.0,0.0,0.0,,,,,,,,none
52,PHI,Vasilije Micić,2,101,1961,-0.6,-.015,-5.6,-1.8,2014,2016,0.0,0,0.0,0,0.0,0,0.0,0,,0,0.0,0.0,0.0,,,,,,,,none
53,MIN,Alessandro Gentile,0,,,,,,,2014,2014,0.0,0,0.0,0,0.0,0,0.0,0,,0,0.0,0.0,0.0,,,,,,,,none
54,PHI,Nemanja Dangubić,0,,,,,,,2014,2014,0.0,0,0.0,0,0.0,0,0.0,0,,0,0.0,0.0,0.0,,,,,,,,none
55,MIA,Semaj Christon,1,64,973,0.1,.006,-5.1,-0.8,2014,2015,0.0,0,0.0,0,0.0,0,0.0,0,,0,0.0,0.0,0.0,,,,,,,,none
56,DEN,Devyn Marble,2,44,457,-0.3,-.028,-5.5,-0.4,2014,2016,0.0,0,0.0,0,0.0,0,0.0,0,,0,0.0,0.0,0.0,,,,,,,,none
57,IND,Louis Labeyrie,0,,,,,,,2014,2014,0.0,0,0.0,0,0.0,0,0.0,0,,0,0.0,0.0,0.0,,,,,,,,none
58,SAS,Jordan McRae,4,123,1696,1.7,.048,-2.1,0.0,2014,2018,0.0,0,0.0,0,0.0,0,0.0,0,,0,0.0,0.0,0.0,,,,,,,,none
59,TOR,Xavier Thames,0,,,,,,,2014,2014,0.0,0,0.0,0,0.0,0,0.0,0,,0,0.0,0.0,0.0,,,,,,,,none
60,SAS,Cory Jefferson,2,58,581,0.9,.071,-3.3,-0.2,2014,2016,0.0,0,0.0,0,0.0,0,0.0,0,,0,0.0,0.0,1.0,,,,,,,,none
1,MIN,Karl-Anthony Towns,11,695,23544,90.6,.185,4.2,36.8,2015,2026,0.0,0,650.0,2016,0.0,0,0.0,0,1.0,0,509.0,2.0,260.0,,,"2018,2022,2025","2016,2018,2019,2022,2025",,,,first
2,LAL,D'Angelo Russell,11,655,19240,26.6,.066,0.6,12.4,2015,2026,0.0,0,1.0,0,0.0,0,0.0,0,255.0,0,3.0,0.0,142.0,,,,2019,,,,second
3,PHI,Jahlil Okafor,7,248,4830,7.2,.071,-2.0,0.0,2015,2022,0.0,0,34.0,0,0.0,0,0.0,0,,0,0.0,0.0,186.0,,,,,,,,first
4,NYK,Kristaps Porziņģis,10,518,15819,49.4,.150,2.7,18.7,2015,2026,0.0,0,363.0,0,0.0,0,0.0,0,4.0,0,3.0,2.0,260.0,,,,"2018,2023",,,,first
5,ORL,Mario Hezonja,5,330,6107,3.2,.025,-2.8,-1.2,2015,2020,0.0,0,0.0,0,0.0,0,0.0,0,,0,0.0,0.0,4.0,,,,,,,,none
6,SAC,Willie Cauley-Stein,7,422,9276,23.3,.121,-0.1,4.4,2015,2022,0.0,0,0.0,0,0.0,0,0.0,0,1.0,0,0.0,0.0,50.0,,,,,,,,second
7,DEN,Emmanuel Mudiay,6,302,7187,-0.2,-.001,-3.2,-2.2,2015,2021,0.0,0,4.0,0,0.0,0,0.0,0,,0,0.0,0.0,140.0,,,,,,,,second
8,DET,Stanley Johnson,8,449,8879,6.9,.037,-2.7,-1.6,2015,2023,0.0,0,0.0,0,0.0,0,0.0,0,,0,0.0,0.0,42.0,,,,,,,,none
9,CHO,Frank Kaminsky,8,413,8160,15.9,.094,-0.2,3.7,2015,2023,0.0,0,0.0,0,0.0,0,0.0,0,,0,0.0,0.0,47.0,,,,,,,,none
10,MIA,Justise Winslow,8,344,8906,8.2,.044,-2.1,-0.3,2015,2023,0.0,0,7.0,0,0.0,0,0.0,0,,0,0.0,0.0,151.0,,,,,,,,second
11,IND,Myles Turner,11,691,19851,51.3,.124,0.7,13.5,2015,2026,0.0,0,3.0,0,18.0,0,0.0,0,2.0,0,1.0,72.0,139.0,,,,2019,,,,second
12,UTA,Trey Lyles,10,650,11970,22.0,.088,-1.0,3.0,2015,2025,0.0,0,0.0,0,0.0,0,0.0,0,,0,0.0,0.0,26.0,,,,,,,,none
13,PHO,Devin Booker,11,716,24607,55.6,.109,1.1,19.3,2015,2026,216.0,0,49.0,0,0.0,0,0.0,0,18.0,0,567.0,1.0,231.0,2022,,2024,"2019,2020,2021,2022,2023,2024,2025",,,2022,first
14,OKC,Cameron Payne,10,477,8356,13.9,.080,-0.6,3.0,2015,2025,0.0,0,0.0,0,0.0,0,0.0,0,,0,0.0,0.0,1.0,,,,,,,,none
15,ATL,Kelly Oubre Jr.,11,686,18757,26.8,.069,-1.8,0.9,2015,2026,0.0,0,0.0,0,0.0,0,9.0,0,,0,0.0,0.0,0.0,,,,,,,,none
16,BOS,Terry Rozier,10,665,18357,30.6,.080,0.2,10.1,2015,2025,0.0,0,0.0,0,0.0,0,3.0,0,9.0,0,0.0,0.0,0.0,,,,,,,,none
17,MIL,Rashad Vaughn,3,139,1671,-0.6,-.017,-4.7,-1.2,2015,2018,0.0,0,0.0,0,0.0,0,0.0,0,,0,0.0,0.0,0.0,,,,,,,,none
18,HOU,Sam Dekker,5,201,3097,5.4,.083,-1.4,0.5,2015,2020,0.0,0,0.0,0,0.0,0,0.0,0,,0,0.0,0.0,0.0,,,,,,,,none
19,WAS,Jerian Grant,5,279,4998,8.3,.080,-1.6,0.5,2015,2020,0.0,0,0.0,0,0.0,0,0.0,0,,0,0.0,0.0,1.0,,,,,,,,none
20,TOR,Delon Wright,10,548,11175,28.9,.124,1.9,11.1,2015,2025,0.0,0,0.0,0,0.0,0,0.0,0,,0,0.0,1.0,0.0,,,,,,,,none
21,DAL,Justin Anderson,6,242,3280,4.9,.072,-1.5,0.4,2015,2021,0.0,0,0.0,0,0.0,0,0.0,0,,0,0.0,0.0,2.0,,,,,,,,none
22,CHI,Bobby Portis,11,703,16101,35.8,.107,-0.4,6.4,2015,2026,0.0,0,0.0,0,0.0,0,184.0,0,,0,0.0,1.0,13.0,,,,,,,,none
23,POR,Rondae Hollis-Jefferson,6,305,6759,12.9,.091,-0.7,2.3,2015,2021,0.0,0,0.0,0,0.0,0,0.0,0,,0,0.0,0.0,2.0,,,,,,,,none
24,CLE,Tyus Jones,11,732,15210,34.9,.110,0.4,9.3,2015,2026,0.0,0,0.0,0,0.0,0,11.0,0,,0,0.0,0.0,0.0,,,,,,,,none
25,MEM,Jarell Martin,4,184,2927,3.2,.053,-4.3,-1.7,2015,2019,0.0,0,0.0,0,0.0,0,0.0,0,,0,0.0,0.0,0.0,,,,,,,,none
26,SAS,Nikola Milutinov,0,,,,,,,2015,2015,0.0,0,0.0,0,0.0,0,0.0,0,,0,0.0,0.0,0.0,,,,,,,,none
27,LAL,Larry Nance Jr.,11,570,12904,35.0,.130,1.1,10.2,2015,2026,0.0,0,0.0,0,0.0,0,0.0,0,,0,0.0,0.0,3.0,,,,,,,,none
28,BOS,R.J. Hunter,4,45,395,0.4,.051,-2.0,0.0,2015,2019,0.0,0,0.0,0,0.0,0,0.0,0,,0,0.0,0.0,0.0,,,,,,,,none
29,BRK,Chris McCullough,3,59,532,0.6,.054,-2.5,-0.1,2015,2018,0.0,0,0.0,0,0.0,0,0.0,0,,0,0.0,0.0,0.0,,,,,,,,none
30,GSW,Kevon Looney,11,616,10546,37.9,.173,0.3,6.2,2015,2026,0.0,0,0.0,0,0.0,0,0.0,0,3.0,0,0.0,0.0,0.0,,,,,,,,none
31,MIN,Cedi Osman,7,476,10815,12.5,.055,-2.1,-0.3,2015,2022,0.0,0,0.0,0,0.0,0,0.0,0,,0,0.0,0.0,0.0,,,,,,,,none
32,HOU,Montrezl Harrell,8,515,10544,42.9,.195,2.6,12.2,2015,2023,0.0,0,0.0,0,0.0,0,556.0,2020,10.0,0,0.0,0.0,0.0,,,,,,,,none
33,BOS,Jordan Mickey,3,64,482,0.5,.050,-4.8,-0.3,2015,2018,0.0,0,0.0,0,0.0,0,0.0,0,,0,0.0,0.0,0.0,,,,,,,,none
34,LAL,Anthony Brown,3,41,762,-0.2,-.016,-5.1,-0.6,2015,2018,0.0,0,0.0,0,0.0,0,0.0,0,,0,0.0,0.0,0.0,,,,,,,,none
35,PHI,Willy Hernangómez,7,344,5149,16.3,.152,0.1,2.8,2015,2022,0.0,0,8.0,0,0.0,0,0.0,0,,0,0.0,0.0,128.0,,,,,,,,first
36,MIN,Rakeem Christmas,2,30,225,0.5,.105,-4.7,-0.2,2015,2017,0.0,0,0.0,0,0.0,0,0.0,0,,0,0.0,0.0,0.0,,,,,,,,none
37,PHI,Richaun Holmes,10,489,9360,30.7,.158,0.1,5.0,2015,2025,0.0,0,0.0,0,0.0,0,0.0,0,1.0,0,0.0,0.0,0.0,,,,,,,,none
38,DET,Darrun Hilliard,3,91,859,0.3,.016,-4.7,-0.6,2015,2018,0.0,0,0.0,0,0.0,0,0.0,0,,0,0.0,0.0,0.0,,,,,,,,none
39,CHO,Juan Pablo Vaulet,0,,,,,,,2015,2015,0.0,0,0.0,0,0.0,0,0.0,0,,0,0.0,0.0,0.0,,,,,,,,none
40,MIA,Josh Richardson,10,554,15815,27.7,.084,-0.6,5.5,2015,2025,0.0,0,0.0,0,0.0,0,0.0,0,2.0,0,0.0,25.0,47.0,,,,,,,,none
41,BRK,Pat Connaughton,11,617,11594,25.1,.104,-0.4,4.6,2015,2026,0.0,0,0.0,0,0.0,0,0.0,0,,0,0.0,0.0,0.0,,,,,,,,none
42,UTA,Olivier Hanlan,0,,,,,,,2015,2015,0.0,0,0.0,0,0.0,0,0.0,0,,0,0.0,0.0,0.0,,,,,,,,none
43,IND,Joe Young,3,127,1077,0.4,.016,-4.1,-0.6,2015,2018,0.0,0,0.0,0,0.0,0,0.0,0,,0,0.0,0.0,1.0,,,,,,,,none
44,PHO,Andrew Harrison,3,145,2987,3.2,.051,-2.8,-0.6,2015,2018,0.0,0,0.0,0,0.0,0,0.0,0,,0,0.0,0.0,2.0,,,,,,,,none
45,BOS,Marcus Thornton,0,,,,,,,2015,2015,0.0,0,0.0,0,0.0,0,3.0,0,,0,0.0,0.0,31.0,,,,,,,,second
46,MIL,Norman Powell,11,662,16317,36.1,.106,0.2,9.2,2015,2026,0.0,0,0.0,0,0.0,0,89.0,0,,0,0.0,0.0,3.0,,,,,,,,none
47,PHI,Artūras Gudaitis,0,,,,,,,2015,2015,0.0,0,0.0,0,0.0,0,0.0,0,,0,0.0,0.0,0.0,,,,,,,,none
48,OKC,Dakari Johnson,1,31,161,0.6,.178,-0.3,0.1,2015,2016,0.0,0,0.0,0,0.0,0,0.0,0,,0,0.0,0.0,0.0,,,,,,,,none
49,WAS,Aaron White,0,,,,,,,2015,2015,0.0,0,0.0,0,0.0,0,0.0,0,,0,0.0,0.0,0.0,,,,,,,,none
50,ATL,Marcus Eriksson,0,,,,,,,2015,2015,0.0,0,0.0,0,0.0,0,0.0,0,,0,0.0,0.0,0.0,,,,,,,,none
51,ORL,Tyler Harvey,0,,,,,,,2015,2015,0.0,0,0.0,0,0.0,0,0.0,0,,0,0.0,0.0,0.0,,,,,,,,none
52,DAL,Satnam Singh,0,,,,,,,2015,2015,0.0,0,0.0,0,0.0,0,0.0,0,,0,0.0,0.0,0.0,,,,,,,,none
53,CLE,Sir'Dominic Pointer,0,,,,,,,2015,2015,0.0,0,0.0,0,0.0,0,0.0,0,,0,0.0,0.0,0.0,,,,,,,,none
54,UTA,Dani Díez,0,,,,,,,2015,2015,0.0,0,0.0,0,0.0,0,0.0,0,,0,0.0,0.0,0.0,,,,,,,,none
55,SAS,Cady Lalanne,0,,,,,,,2015,2015,0.0,0,0.0,0,0.0,0,0.0,0,,0,0.0,0.0,0.0,,,,,,,,none
56,NOP,Branden Dawson,1,6,29,0.0,.069,-5.7,0.0,2015,2016,0.0,0,0.0,0,0.0,0,0.0,0,,0,0.0,0.0,0.0,,,,,,,,none
57,DEN,Nikola Radičević,0,,,,,,,2015,2015,0.0,0,0.0,0,0.0,0,0.0,0,,0,0.0,0.0,0.0,,,,,,,,none
58,PHI,J.P. Tokoto,0,,,,,,,2015,2015,0.0,0,0.0,0,0.0,0,0.0,0,,0,0.0,0.0,0.0,,,,,,,,none
59,ATL,Dimitrios Agravanis,0,,,,,,,2015,2015,0.0,0,0.0,0,0.0,0,0.0,0,,0,0.0,0.0,0.0,,,,,,,,none
60,PHI,Luka Mitrović,0,,,,,,,2015,2015,0.0,0,0.0,0,0.0,0,0.0,0,,0,0.0,0.0,0.0,,,,,,,,none
1,PHI,Ben Simmons,7,383,11910,35.4,.143,3.0,15.0,2016,2025,3.0,0,481.0,2018,319.0,0,0.0,0,,0,104.0,403.0,200.0,,,2020,"2018,2019,2020","2020,2021",,2021,first
2,LAL,Brandon Ingram,10,547,18084,30.3,.080,0.1,9.8,2016,2026,0.0,0,0.0,0,0.0,0,0.0,0,330.0,2020,5.0,0.0,83.0,,,,2020,,,,second
3,BOS,Jaylen Brown,10,651,20112,44.9,.107,0.6,12.9,2016,2026,0.0,0,1.0,0,5.0,0,0.0,0,45.0,0,222.0,34.0,106.0,,2023,,"2022,2023,2024",,,,second
4,PHO,Dragan Bender,4,187,3755,0.5,.006,-3.9,-1.9,2016,2020,0.0,0,0.0,0,0.0,0,0.0,0,,0,0.0,0.0,1.0,,,,,,,,none
5,MIN,Kris Dunn,10,460,10944,14.1,.062,-1.1,2.4,2016,2026,0.0,0,0.0,0,0.0,0,0.0,0,2.0,0,0.0,31.0,5.0,,,,,,,,none
6,NOP,Buddy Hield,10,759,20953,28.8,.066,0.2,11.7,2016,2026,0.0,0,21.0,0,0.0,0,0.0,0,22.0,0,0.0,0.0,0.0,,,,,,,,none
7,DEN,Jamal Murray,9,585,18543,44.4,.115,1.2,15.1,2016,2026,0.0,0,8.0,0,0.0,0,0.0,0,24.0,0,0.0,0.0,0.0,,,,,,,,none
8,SAC,Marquese Chriss,6,292,5338,6.5,.058,-2.4,-0.5,2016,2022,0.0,0,3.0,0,0.0,0,0.0,0,,0,0.0,0.0,91.0,,,,,,,,second
9,TOR,Jakob Poeltl,10,616,13851,45.9,.159,1.2,11.2,2016,2026,0.0,0,0.0,0,0.0,0,1.0,0,,0,0.0,0.0,1.0,,,,,,,,none
10,MIL,Thon Maker,5,263,3624,6.6,.087,-2.1,-0.1,2016,2021,0.0,0,0.0,0,0.0,0,0.0,0,,0,0.0,0.0,3.0,,,,,,,,none
11,ORL,Domantas Sabonis,10,665,20463,71.0,.167,3.3,27.6,2016,2026,30.0,0,0.0,0,1.0,0,190.0,0,16.0,0,262.0,4.0,19.0,,,"2023,2024","2019,2021,2023,2024,2025",,,"2023,2024",none
12,UTA,Taurean Prince,10,590,14571,15.2,.050,-2.1,-0.2,2016,2026,0.0,0,0.0,0,0.0,0,0.0,0,1.0,0,0.0,0.0,5.0,,,,,,,,none
13,PHO,Georgios Papagiannis,2,39,477,0.4,.044,-3.9,-0.2,2016,2018,0.0,0,0.0,0,0.0,0,0.0,0,,0,0.0,0.0,0.0,,,,,,,,none
14,CHI,Denzel Valentine,5,256,4817,4.5,.044,-1.9,0.2,2016,2021,0.0,0,0.0,0,0.0,0,0.0,0,,0,0.0,0.0,0.0,,,,,,,,none
15,DEN,Juancho Hernangómez,7,339,5269,8.7,.080,-1.9,0.1,2016,2023,0.0,0,0.0,0,0.0,0,0.0,0,,0,0.0,0.0,5.0,,,,,,,,none
16,BOS,Guerschon Yabusele,4,188,2829,5.5,.093,-1.6,0.3,2016,2020,0.0,0,0.0,0,0.0,0,0.0,0,,0,0.0,0.0,0.0,,,,,,,,none
17,MEM,Wade Baldwin,3,56,579,-0.3,-.028,-5.3,-0.5,2016,2019,0.0,0,0.0,0,0.0,0,0.0,0,,0,0.0,0.0,0.0,,,,,,,,none
18,DET,Henry Ellenson,5,83,787,0.4,.023,-3.7,-0.3,2016,2021,0.0,0,0.0,0,0.0,0,0.0,0,,0,0.0,0.0,0.0,,,,,,,,none
19,DEN,Malik Beasley,9,578,13739,20.1,.070,-0.9,3.7,2016,2025,0.0,0,0.0,0,0.0,0,280.0,0,3.0,0,0.0,0.0,0.0,,,,,,,,none
20,IND,Caris LeVert,10,559,15240,25.1,.079,-0.2,6.9,2016,2026,0.0,0,0.0,0,0.0,0,0.0,0,,0,0.0,0.0,0.0,,,,,,,,none
21,ATL,DeAndre' Bembry,6,296,5670,4.4,.038,-2.3,-0.4,2016,2022,0.0,0,0.0,0,0.0,0,0.0,0,,0,0.0,0.0,1.0,,,,,,,,none
22,CHO,Malachi Richardson,3,70,625,-0.1,-.009,-6.1,-0.7,2016,2019,0.0,0,0.0,0,0.0,0,0.0,0,,0,0.0,0.0,0.0,,,,,,,,none
23,BOS,Ante Žižić,3,113,1517,3.5,.110,-2.6,-0.2,2016,2019,0.0,0,0.0,0,0.0,0,0.0,0,,0,0.0,0.0,0.0,,,,,,,,none
24,PHI,Timothé Luwawu-Cabarrot,6,328,5254,4.7,.043,-4.0,-2.7,2016,2022,0.0,0,0.0,0,0.0,0,0.0,0,,0,0.0,0.0,0.0,,,,,,,,none
25,LAC,Brice Johnson,2,21,107,0.1,.062,-0.6,0.0,2016,2018,0.0,0,0.0,0,0.0,0,0.0,0,,0,0.0,0.0,0.0,,,,,,,,none
26,PHI,Furkan Korkmaz,7,328,5447,7.6,.067,-2.0,0.1,2016,2023,0.0,0,0.0,0,0.0,0,0.0,0,,0,0.0,0.0,0.0,,,,,,,,none
27,TOR,Pascal Siakam,10,680,21360,58.2,.131,1.9,21.1,2016,2026,17.0,0,0.0,0,0.0,0,0.0,0,483.0,2019,254.0,34.0,0.0,,2020,2022,"2019,2020,2022,2023,2025",,,2020,none
28,PHO,Skal Labissière,6,155,2645,4.5,.082,-2.2,-0.2,2016,2022,0.0,0,0.0,0,0.0,0,0.0,0,,0,0.0,0.0,7.0,,,,,,,,none
29,SAS,Dejounte Murray,8,503,14745,26.2,.085,1.4,12.6,2016,2026,0.0,0,0.0,0,0.0,0,0.0,0,187.0,0,1.0,115.0,3.0,,,,2022,,2018,,none
30,GSW,Damian Jones,8,279,3782,11.3,.143,-1.0,1.0,2016,2024,0.0,0,0.0,0,0.0,0,0.0,0,,0,0.0,0.0,0.0,,,,,,,,none
31,BOS,Deyonta Davis,3,107,1299,3.6,.131,-2.1,0.0,2016,2019,0.0,0,0.0,0,0.0,0,0.0,0,,0,0.0,0.0,0.0,,,,,,,,none
32,LAL,Ivica Zubac,10,627,14762,55.3,.180,0.8,10.4,2016,2026,0.0,0,0.0,0,34.0,0,0.0,0,186.0,0,15.0,114.0,0.0,,,,2025,,2025,,none
33,LAC,Cheick Diallo,5,183,2186,6.3,.139,-1.4,0.3,2016,2021,0.0,0,0.0,0,0.0,0,0.0,0,,0,0.0,0.0,0.0,,,,,,,,none
34,PHO,Tyler Ulis,3,133,2782,0.5,.008,-3.6,-1.1,2016,2019,0.0,0,0.0,0,0.0,0,0.0,0,,0,0.0,0.0,10.0,,,,,,,,none
35,BOS,Rade Zagorac,0,,,,,,,2016,2016,0.0,0,0.0,0,0.0,0,0.0,0,,0,0.0,0.0,0.0,,,,,,,,none
36,MIL,Malcolm Brogdon,9,463,13481,33.4,.119,1.3,11.2,2016,2025,0.0,0,414.0,2017,0.0,0,409.0,2023,,0,0.0,3.0,200.0,,,,,,,,first
37,HOU,Chinanu Onuaku,2,6,74,0.1,.043,-5.4,-0.1,2016,2018,0.0,0,0.0,0,0.0,0,0.0,0,,0,0.0,0.0,0.0,,,,,,,,none
38,MIL,Patrick McCaw,5,199,3373,4.4,.062,-2.8,-0.6,2016,2021,0.0,0,0.0,0,0.0,0,0.0,0,,0,0.0,0.0,8.0,,,,,,,,none
39,NOP,David Michineau,0,,,,,,,2016,2016,0.0,0,0.0,0,0.0,0,0.0,0,,0,0.0,0.0,0.0,,,,,,,,none
40,NOP,Diamond Stone,1,7,24,-0.1,-.211,-20.8,-0.1,2016,2017,0.0,0,0.0,0,0.0,0,0.0,0,,0,0.0,0.0,0.0,,,,,,,,none
41,ORL,Stephen Zimmerman,1,19,108,0.0,-.005,-8.3,-0.2,2016,2017,0.0,0,0.0,0,0.0,0,0.0,0,,0,0.0,0.0,0.0,,,,,,,,none
42,UTA,Isaiah Whitehead,2,89,1823,-0.9,-.025,-5.0,-1.4,2016,2018,0.0,0,0.0,0,0.0,0,0.0,0,,0,0.0,0.0,5.0,,,,,,,,none
43,HOU,Zhou Qi,2,19,125,-0.2,-.093,-9.6,-0.2,2016,2018,0.0,0,0.0,0,0.0,0,0.0,0,,0,0.0,0.0,0.0,,,,,,,,none
44,ATL,Isaïa Cordinier,0,,,,,,,2016,2016,0.0,0,0.0,0,0.0,0,0.0,0,,0,0.0,0.0,0.0,,,,,,,,none
45,BOS,Demetrius Jackson,3,26,136,0.2,.087,-0.5,0.1,2016,2019,0.0,0,0.0,0,0.0,0,0.0,0,,0,0.0,0.0,0.0,,,,,,,,none
46,DAL,A.J. Hammons,1,22,163,0.0,-.001,-6.6,-0.2,2016,2017,0.0,0,0.0,0,0.0,0,0.0,0,,0,0.0,0.0,0.0,,,,,,,,none
47,ORL,Jake Layman,6,243,3099,3.8,.059,-2.3,-0.2,2016,2022,0.0,0,0.0,0,0.0,0,0.0,0,,0,0.0,0.0,0.0,,,,,,,,none
48,CHI,Paul Zipser,2,98,1667,0.0,-.001,-5.2,-1.4,2016,2018,0.0,0,0.0,0,0.0,0,0.0,0,,0,0.0,0.0,0.0,,,,,,,,none
49,DET,Michael Gbinije,1,9,32,-0.1,-.136,-12.1,-0.1,2016,2017,0.0,0,0.0,0,0.0,0,0.0,0,,0,0.0,0.0,0.0,,,,,,,,none
50,IND,Georges Niang,9,544,9494,15.9,.080,-1.7,0.7,2016,2025,0.0,0,0.0,0,0.0,0,0.0,0,,0,0.0,0.0,0.0,,,,,,,,none
51,BOS,Ben Bentil,1,3,10,-0.1,-.473,-25.9,-0.1,2016,2017,0.0,0,0.0,0,0.0,0,0.0,0,,0,0.0,0.0,0.0,,,,,,,,none
52,UTA,Joel Bolomboy,2,18,91,0.3,.132,-0.1,0.0,2016,2018,0.0,0,0.0,0,0.0,0,0.0,0,,0,0.0,0.0,0.0,,,,,,,,none
53,DEN,Petr Cornelie,1,13,38,0.0,-.015,-8.8,-0.1,2016,2017,0.0,0,0.0,0,0.0,0,0.0,0,,0,0.0,0.0,0.0,,,,,,,,none
54,ATL,Kay Felder,2,58,526,-0.4,-.041,-4.7,-0.4,2016,2018,0.0,0,0.0,0,0.0,0,0.0,0,,0,0.0,0.0,0.0,,,,,,,,none
55,BRK,Marcus Paige,1,5,28,0.0,-.006,-8.8,0.0,2016,2017,0.0,0,0.0,0,0.0,0,0.0,0,,0,0.0,0.0,0.0,,,,,,,,none
56,DEN,Daniel Hamilton,2,25,232,0.0,.000,-3.3,-0.1,2016,2018,0.0,0,0.0,0,0.0,0,0.0,0,,0,0.0,0.0,0.0,,,,,,,,none
57,MEM,Wang Zhelin,0,,,,,,,2016,2016,0.0,0,0.0,0,0.0,0,0.0,0,,0,0.0,0.0,0.0,,,,,,,,none
58,BOS,Abdel Nader,5,202,2583,2.8,.052,-2.6,-0.4,2016,2021,0.0,0,0.0,0,0.0,0,0.0,0,,0,0.0,0.0,0.0,,,,,,,,none
59,SAC,Isaiah Cousins,0,,,,,,,2016,2016,0.0,0,0.0,0,0.0,0,0.0,0,,0,0.0,0.0,0.0,,,,,,,,none
60,UTA,Tyrone Wallace,4,112,1714,0.1,.003,-5.2,-1.4,2016,2020,0.0,0,0.0,0,0.0,0,0.0,0,,0,0.0,0.0,0.0,,,,,,,,none
1,PHI,Markelle Fultz,8,255,6123,8.4,.066,-1.2,1.2,2017,2025,0.0,0,0.0,0,0.0,0,0.0,0,2.0,0,0.0,0.0,0.0,,,,,,,,none
2,LAL,Lonzo Ball,7,322,9692,13.3,.066,0.8,6.9,2017,2026,0.0,0,0.0,0,0.0,0,0.0,0,1.0,0,0.0,0.0,87.0,,,,,,,,second
3,BOS,Jayson Tatum,8,585,20185,65.5,.156,3.8,29.4,2017,2026,721.0,0,101.0,0,0.0,0,0.0,0,57.0,0,1801.0,26.0,199.0,"2022,2023,2024,2025",,,"2022,2023,2024,2025",,,"2020,2022,2023,2024,2025",first
4,PHO,Josh Jackson,5,291,6718,-1.7,-.012,-3.8,-3.1,2017,2022,0.0,0,0.0,0,0.0,0,0.0,0,,0,0.0,0.0,45.0,,,,,,,,second
5,SAC,De'Aaron Fox,9,575,19071,37.8,.095,0.9,14.2,2017,2026,2.0,0,0.0,0,0.0,0,0.0,0,80.0,0,153.0,4.0,34.0,,,2023,"2023,2024",,,2023,none
6,ORL,Jonathan Isaac,7,320,6079,14.8,.116,0.8,4.3,2017,2026,0.0,0,0.0,0,0.0,0,1.0,0,,0,0.0,1.0,0.0,,,,,,,,none
7,MIN,Lauri Markkanen,9,490,15348,36.6,.114,1.1,12.1,2017,2026,0.0,0,0.0,0,0.0,0,0.0,0,430.0,2023,49.0,0.0,173.0,,,,2023,,,,first
8,NYK,Frank Ntilikina,7,321,5454,0.3,.003,-4.4,-3.4,2017,2024,0.0,0,0.0,0,0.0,0,0.0,0,,0,0.0,0.0,1.0,,,,,,,,none
9,DAL,Dennis Smith Jr.,7,326,7601,2.3,.015,-2.1,-0.2,2017,2024,0.0,0,1.0,0,0.0,0,0.0,0,,0,0.0,0.0,96.0,,,,,,,,second
10,SAC,Zach Collins,8,388,7321,12.4,.081,-1.4,1.0,2017,2025,0.0,0,0.0,0,0.0,0,0.0,0,,0,0.0,0.0,3.0,,,,,,,,none
11,CHO,Malik Monk,9,566,12896,15.8,.059,-1.0,3.1,2017,2026,0.0,0,0.0,0,0.0,0,364.0,0,1.0,0,0.0,0.0,1.0,,,,,,,,none
12,DET,Luke Kennard,9,509,11781,26.2,.107,0.0,6.0,2017,2026,0.0,0,0.0,0,0.0,0,12.0,0,,0,0.0,0.0,1.0,,,,,,,,none
13,DEN,Donovan Mitchell,9,589,19934,58.0,.140,3.6,28.5,2017,2026,104.0,0,323.0,0,0.0,0,0.0,0,,0,809.0,4.0,200.0,2025,2023,,"2018,2019,2020,2021,2022,2023,2025",,,"2023,2025",first
14,MIA,Bam Adebayo,9,614,18823,61.1,.156,2.4,21.1,2017,2026,0.0,0,0.0,0,288.0,0,0.0,0,295.0,0,105.0,564.0,44.0,,,,"2020,2021,2022,2023,2024,2025",2024,"2020,2021,2022,2023",,none
15,POR,Justin Jackson,7,280,4886,5.3,.052,-2.8,-1.0,2017,2024,0.0,0,0.0,0,0.0,0,0.0,0,,0,0.0,0.0,0.0,,,,,,,,none
16,CHI,Justin Patton,4,22,296,0.4,.066,-2.8,-0.1,2017,2021,0.0,0,0.0,0,0.0,0,0.0,0,,0,0.0,0.0,0.0,,,,,,,,none
17,MIL,D.J. Wilson,6,148,1818,2.9,.077,-2.4,-0.2,2017,2023,0.0,0,0.0,0,0.0,0,0.0,0,,0,0.0,0.0,0.0,,,,,,,,none
18,IND,T.J. Leaf,4,146,1238,2.7,.104,-1.8,0.1,2017,2021,0.0,0,0.0,0,0.0,0,0.0,0,,0,0.0,0.0,0.0,,,,,,,,none
19,ATL,John Collins,9,522,15129,42.6,.135,0.6,9.9,2017,2026,0.0,0,0.0,0,0.0,0,0.0,0,6.0,0,0.0,0.0,76.0,,,,,,,,second
20,POR,Harry Giles,4,165,1935,3.1,.076,-2.5,-0.2,2017,2021,0.0,0,0.0,0,0.0,0,0.0,0,,0,0.0,0.0,2.0,,,,,,,,none
21,OKC,Terrance Ferguson,4,204,4000,4.4,.053,-4.0,-2.1,2017,2021,0.0,0,0.0,0,0.0,0,0.0,0,,0,0.0,1.0,0.0,,,,,,,,none
22,BRK,Jarrett Allen,9,610,17169,71.2,.199,2.3,18.8,2017,2026,0.0,0,0.0,0,3.0,0,0.0,0,,0,0.0,29.0,18.0,,,,,,,,none
23,TOR,OG Anunoby,9,533,16207,34.7,.103,0.3,9.4,2017,2026,0.0,0,0.0,0,8.0,0,0.0,0,3.0,0,0.0,136.0,25.0,,,,,,2023,,none
24,UTA,Tyler Lydon,2,26,96,0.2,.084,-4.3,-0.1,2017,2019,0.0,0,0.0,0,0.0,0,0.0,0,,0,0.0,0.0,0.0,,,,,,,,none
25,ORL,Anžejs Pasečņiks,2,28,443,0.4,.038,-6.2,-0.5,2017,2019,0.0,0,0.0,0,0.0,0,0.0,0,,0,0.0,0.0,0.0,,,,,,,,none
26,POR,Caleb Swanigan,3,75,655,-0.2,-.015,-6.2,-0.7,2017,2020,0.0,0,0.0,0,0.0,0,0.0,0,,0,0.0,0.0,0.0,,,,,,,,none
27,BRK,Kyle Kuzma,9,589,18138,15.9,.042,-1.6,1.7,2017,2026,0.0,0,3.0,0,0.0,0,4.0,0,,0,0.0,0.0,193.0,,,,,,,,first
28,LAL,Tony Bradley,8,231,2523,8.9,.170,-0.4,1.0,2017,2025,0.0,0,0.0,0,0.0,0,0.0,0,,0,0.0,0.0,0.0,,,,,,,,none
29,SAS,Derrick White,9,545,15832,44.0,.134,2.3,17.2,2017,2026,0.0,0,0.0,0,8.0,0,0.0,0,1.0,0,0.0,230.0,0.0,,,,,,"2023,2024",,none
30,UTA,Josh Hart,9,572,17414,40.6,.112,0.7,11.8,2017,2026,0.0,0,0.0,0,0.0,0,0.0,0,,0,0.0,4.0,0.0,,,,,,,,none
31,CHO,Frank Jackson,5,214,3873,2.5,.031,-3.9,-1.9,2017,2022,0.0,0,0.0,0,0.0,0,0.0,0,,0,0.0,0.0,0.0,,,,,,,,none
32,PHO,Davon Reed,4,122,1299,1.5,.054,-2.9,-0.3,2017,2021,0.0,0,0.0,0,0.0,0,0.0,0,,0,0.0,0.0,0.0,,,,,,,,none
33,ORL,Wes Iwundu,5,226,3827,4.2,.053,-3.9,-1.8,2017,2022,0.0,0,0.0,0,0.0,0,0.0,0,,0,0.0,0.0,0.0,,,,,,,,none
34,SAC,Frank Mason III,4,103,1616,1.2,.035,-2.7,-0.3,2017,2021,0.0,0,0.0,0,0.0,0,0.0,0,,0,0.0,0.0,1.0,,,,,,,,none
35,ORL,Ivan Rabb,2,85,1237,3.2,.125,-1.7,0.1,2017,2019,0.0,0,0.0,0,0.0,0,0.0,0,,0,0.0,0.0,0.0,,,,,,,,none
36,PHI,Jonah Bolden,2,51,686,1.4,.098,-1.3,0.1,2017,2019,0.0,0,0.0,0,0.0,0,0.0,0,,0,0.0,0.0,0.0,,,,,,,,none
37,BOS,Semi Ojeleye,5,284,4111,5.2,.061,-3.4,-1.5,2017,2022,0.0,0,0.0,0,0.0,0,0.0,0,,0,0.0,0.0,1.0,,,,,,,,none
38,CHI,Jordan Bell,5,161,1937,4.9,.121,0.2,1.1,2017,2022,0.0,0,0.0,0,0.0,0,0.0,0,,0,0.0,1.0,5.0,,,,,,,,none
39,PHI,Jawun Evans,2,56,843,-0.4,-.022,-5.4,-0.7,2017,2019,0.0,0,0.0,0,0.0,0,0.0,0,,0,0.0,0.0,0.0,,,,,,,,none
40,NOP,Dwayne Bacon,4,207,4012,0.8,.010,-5.1,-3.1,2017,2021,0.0,0,0.0,0,0.0,0,0.0,0,,0,0.0,0.0,0.0,,,,,,,,none
41,ATL,Tyler Dorsey,3,107,1680,1.1,.031,-3.0,-0.5,2017,2020,0.0,0,0.0,0,0.0,0,0.0,0,,0,0.0,0.0,0.0,,,,,,,,none
42,UTA,Thomas Bryant,9,371,6302,21.8,.166,1.0,4.8,2017,2026,0.0,0,0.0,0,0.0,0,0.0,0,2.0,0,0.0,0.0,0.0,,,,,,,,none
43,HOU,Isaiah Hartenstein,8,408,8128,31.3,.185,2.2,8.6,2017,2026,0.0,0,0.0,0,0.0,0,0.0,0,,0,0.0,0.0,0.0,,,,,,,,none
44,NYK,Damyean Dotson,5,213,4242,3.0,.034,-2.8,-0.9,2017,2022,0.0,0,0.0,0,0.0,0,0.0,0,,0,0.0,0.0,0.0,,,,,,,,none
45,HOU,Dillon Brooks,9,540,16002,16.9,.051,-3.2,-5.1,2017,2026,0.0,0,0.0,0,0.0,0,0.0,0,,0,0.0,66.0,14.0,,,,,,2023,,none
46,PHI,Sterling Brown,6,268,4458,6.6,.071,-2.1,-0.1,2017,2023,0.0,0,0.0,0,0.0,0,0.0,0,,0,0.0,0.0,0.0,,,,,,,,none
47,IND,Ike Anigbogu,2,14,36,0.0,.057,-1.1,0.0,2017,2019,0.0,0,0.0,0,0.0,0,0.0,0,,0,0.0,0.0,0.0,,,,,,,,none
48,MIL,Sindarius Thornwell,4,160,1721,1.1,.032,-3.1,-0.5,2017,2021,0.0,0,0.0,0,0.0,0,0.0,0,,0,0.0,0.0,1.0,,,,,,,,none
49,DEN,Vlatko Čančar,5,143,1527,2.4,.076,-2.5,-0.2,2017,2022,0.0,0,0.0,0,0.0,0,0.0,0,,0,0.0,0.0,0.0,,,,,,,,none
50,PHI,Mathias Lessort,0,,,,,,,2017,2017,0.0,0,0.0,0,0.0,0,0.0,0,,0,0.0,0.0,0.0,,,,,,,,none
51,DEN,Monte Morris,9,426,9873,24.7,.120,0.2,5.6,2017,2026,0.0,0,0.0,0,0.0,0,3.0,0,,0,0.0,0.0,0.0,,,,,,,,none
52,NOP,Edmond Sumner,5,161,2256,3.2,.069,-3.0,-0.6,2017,2022,0.0,0,0.0,0,0.0,0,0.0,0,,0,0.0,0.0,0.0,,,,,,,,none
53,BOS,Kadeem Allen,3,47,640,1.0,.075,-1.2,0.1,2017,2020,0.0,0,0.0,0,0.0,0,0.0,0,,0,0.0,0.0,0.0,,,,,,,,none
54,PHO,Alec Peters,1,20,225,0.3,.055,-2.8,0.0,2017,2018,0.0,0,0.0,0,0.0,0,0.0,0,,0,0.0,0.0,0.0,,,,,,,,none
55,UTA,Nigel Williams-Goss,1,10,50,0.0,.017,-3.9,0.0,2017,2018,0.0,0,0.0,0,0.0,0,0.0,0,,0,0.0,0.0,0.0,,,,,,,,none
56,BOS,Jabari Bird,1,13,115,0.2,.098,-3.1,0.0,2017,2018,0.0,0,0.0,0,0.0,0,0.0,0,,0,0.0,0.0,0.0,,,,,,,,none
57,BRK,Sasha Vezenkov,1,42,511,1.0,.098,-0.9,0.1,2017,2018,0.0,0,0.0,0,0.0,0,0.0,0,,0,0.0,0.0,0.0,,,,,,,,none
58,NYK,Ognjen Jaramaz,0,,,,,,,2017,2017,0.0,0,0.0,0,0.0,0,0.0,0,,0,0.0,0.0,0.0,,,,,,,,none
59,SAS,Jaron Blossomgame,1,27,439,0.3,.030,-3.8,-0.2,2017,2018,0.0,0,0.0,0,0.0,0,0.0,0,,0,0.0,0.0,0.0,,,,,,,,none
60,ATL,Alpha Kaba,0,,,,,,,2017,2017,0.0,0,0.0,0,0.0,0,0.0,0,,0,0.0,0.0,0.0,,,,,,,,none
1,PHO,Deandre Ayton,8,444,13571,41.4,.146,0.6,9.0,2018,2026,0.0,0,66.0,0,0.0,0,0.0,0,,0,0.0,1.0,195.0,,,,,,,,first
2,SAC,Marvin Bagley III,8,329,7254,15.0,.099,-1.3,1.2,2018,2026,0.0,0,6.0,0,0.0,0,0.0,0,,0,1.0,0.0,156.0,,,,2019,,,,first
3,ATL,Luka Dončić,8,492,17204,63.0,.176,7.7,42.0,2018,2026,964.0,0,496.0,2019,0.0,0,0.0,0,101.0,0,2193.0,2.0,200.0,"2020,2021,2022,2023,2024",,,"2019,2020,2021,2022,2023,2024",,,"2020,2021,2022,2023,2024",first
4,MEM,Jaren Jackson Jr.,8,454,13071,30.8,.113,0.8,9.2,2018,2026,0.0,0,12.0,0,499.0,2023,0.0,0,4.0,0,66.0,456.0,159.0,,,,"2023,2025","2022,2023",2025,,first
5,DAL,Trae Young,8,493,16902,44.1,.125,2.6,19.5,2018,2026,0.0,0,301.0,0,0.0,0,0.0,0,10.0,0,129.0,0.0,200.0,,,2022,"2020,2021,2022,2023,2025",,,,first
6,ORL,Mo Bamba,8,366,6121,15.6,.122,0.0,3.1,2018,2026,0.0,0,0.0,0,0.0,0,0.0,0,,0,0.0,0.0,1.0,,,,,,,,none
7,CHI,Wendell Carter Jr.,8,433,11922,31.0,.125,-0.3,5.0,2018,2026,0.0,0,0.0,0,0.0,0,0.0,0,,0,0.0,0.0,7.0,,,,,,,,none
8,CLE,Collin Sexton,8,451,13156,18.2,.067,-1.2,2.5,2018,2026,0.0,0,10.0,0,0.0,0,0.0,0,,0,0.0,0.0,132.0,,,,,,,,second
9,NYK,Kevin Knox,7,320,5606,0.9,.008,-4.4,-3.4,2018,2025,0.0,0,0.0,0,0.0,0,0.0,0,,0,0.0,0.0,22.0,,,,,,,,none
10,PHI,Mikal Bridges,8,610,20380,48.0,.113,0.9,15.1,2018,2026,0.0,0,0.0,0,202.0,0,0.0,0,41.0,0,3.0,265.0,31.0,,,,"2022,2023",2022,,,none
11,CHO,Shai Gilgeous-Alexander,8,511,16923,71.8,.204,6.1,34.8,2018,2026,1599.0,2025,7.0,0,9.0,0,0.0,0,314.0,0,1402.0,35.0,138.0,"2023,2024,2025",,,"2023,2024,2025",,,"2023,2024,2025",second
12,LAC,Miles Bridges,7,477,14777,25.6,.083,0.0,7.5,2018,2026,0.0,0,0.0,0,0.0,0,3.0,0,40.0,0,0.0,0.0,6.0,,,,,,,,none
13,LAC,Jerome Robinson,4,135,1685,-0.2,-.004,-4.8,-1.2,2018,2022,0.0,0,0.0,0,0.0,0,0.0,0,,0,0.0,0.0,0.0,,,,,,,,none
14,DEN,Michael Porter Jr.,7,386,11389,29.4,.124,1.0,8.7,2018,2026,0.0,0,0.0,0,0.0,0,0.0,0,138.0,0,0.0,0.0,9.0,,,,,,,,none
15,WAS,Troy Brown Jr.,6,356,6778,8.6,.061,-1.8,0.4,2018,2024,0.0,0,0.0,0,0.0,0,0.0,0,,0,0.0,0.0,0.0,,,,,,,,none
16,PHO,Zhaire Smith,2,13,143,0.0,.011,-6.1,-0.1,2018,2020,0.0,0,0.0,0,0.0,0,0.0,0,,0,0.0,0.0,0.0,,,,,,,,none
17,MIL,Donte DiVincenzo,8,471,12326,28.1,.109,1.1,9.8,2018,2026,0.0,0,0.0,0,0.0,0,0.0,0,,0,0.0,2.0,0.0,,,,,,,,none
18,SAS,Lonnie Walker IV,7,342,7025,4.9,.033,-2.5,-1.0,2018,2025,0.0,0,0.0,0,0.0,0,0.0,0,,0,0.0,0.0,0.0,,,,,,,,none
19,ATL,Kevin Huerter,8,529,14630,20.5,.067,-1.0,3.8,2018,2026,0.0,0,0.0,0,0.0,0,0.0,0,,0,0.0,0.0,45.0,,,,,,,,second
20,MIN,Josh Okogie,8,467,8964,13.6,.073,-1.7,0.6,2018,2026,0.0,0,1.0,0,0.0,0,0.0,0,,0,0.0,0.0,12.0,,,,,,,,none
21,UTA,Grayson Allen,8,438,11286,25.4,.108,0.2,6.2,2018,2026,0.0,0,0.0,0,0.0,0,0.0,0,4.0,0,0.0,0.0,0.0,,,,,,,,none
22,CHI,Chandler Hutchison,4,103,1790,1.1,.030,-3.9,-0.9,2018,2022,0.0,0,0.0,0,0.0,0,0.0,0,,0,0.0,0.0,0.0,,,,,,,,none
23,IND,Aaron Holiday,8,483,7831,11.1,.068,-1.9,0.1,2018,2026,0.0,0,0.0,0,0.0,0,0.0,0,,0,0.0,0.0,1.0,,,,,,,,none
24,POR,Anfernee Simons,8,441,11720,15.8,.065,-1.0,3.0,2018,2026,0.0,0,0.0,0,0.0,0,0.0,0,13.0,0,0.0,0.0,0.0,,,,,,,,none
25,LAL,Moritz Wagner,8,375,6189,17.4,.135,0.3,3.5,2018,2026,0.0,0,0.0,0,0.0,0,0.0,0,,0,0.0,0.0,0.0,,,,,,,,none
26,PHI,Landry Shamet,8,427,9023,14.8,.079,-1.8,0.4,2018,2026,0.0,0,0.0,0,0.0,0,0.0,0,,0,0.0,0.0,85.0,,,,,,,,second
27,BOS,Robert Williams,8,272,5362,26.7,.239,4.8,9.1,2018,2026,0.0,0,0.0,0,8.0,0,0.0,0,4.0,0,0.0,70.0,0.0,,,,,,2022,,none
28,GSW,Jacob Evans,2,59,622,-0.6,-.047,-7.4,-0.8,2018,2020,0.0,0,0.0,0,0.0,0,0.0,0,,0,0.0,0.0,0.0,,,,,,,,none
29,BRK,Džanan Musa,2,49,526,0.0,.003,-4.6,-0.4,2018,2020,0.0,0,0.0,0,0.0,0,0.0,0,,0,0.0,0.0,0.0,,,,,,,,none
30,ATL,Omari Spellman,2,95,1691,2.4,.068,-1.5,0.2,2018,2020,0.0,0,0.0,0,0.0,0,0.0,0,,0,0.0,0.0,0.0,,,,,,,,none
31,PHO,Elie Okobo,2,108,1677,0.5,.014,-4.1,-0.9,2018,2020,0.0,0,0.0,0,0.0,0,0.0,0,,0,0.0,0.0,0.0,,,,,,,,none
32,MEM,Jevon Carter,8,436,6537,8.7,.064,-1.5,0.9,2018,2026,0.0,0,0.0,0,0.0,0,0.0,0,,0,0.0,0.0,0.0,,,,,,,,none
33,DAL,Jalen Brunson,8,536,15938,51.4,.155,2.4,17.7,2018,2026,144.0,0,0.0,0,0.0,0,67.0,0,118.0,0,623.0,0.0,10.0,,"2024,2025",,"2023,2024,2025",,,"2023,2024,2025",none
34,ATL,Devonte' Graham,6,336,8359,12.7,.073,-0.5,3.2,2018,2024,0.0,0,0.0,0,0.0,0,0.0,0,50.0,0,0.0,0.0,0.0,,,,,,,,none
35,ORL,Melvin Frazier,3,32,290,-0.4,-.062,-10.0,-0.6,2018,2021,0.0,0,0.0,0,0.0,0,0.0,0,,0,0.0,0.0,0.0,,,,,,,,none
36,NYK,Mitchell Robinson,8,375,8873,38.6,.209,2.2,9.3,2018,2026,0.0,0,1.0,0,0.0,0,0.0,0,,0,0.0,0.0,77.0,,,,,,,,second
37,SAC,Gary Trent Jr.,8,461,12802,19.5,.073,-1.4,1.8,2018,2026,0.0,0,0.0,0,0.0,0,0.0,0,,0,0.0,0.0,0.0,,,,,,,,none
38,PHI,Khyri Thomas,3,39,409,0.5,.058,-2.7,-0.1,2018,2021,0.0,0,0.0,0,0.0,0,0.0,0,,0,0.0,0.0,0.0,,,,,,,,none
39,PHI,Isaac Bonga,4,143,1871,1.7,.044,-3.6,-0.7,2018,2022,0.0,0,0.0,0,0.0,0,0.0,0,,0,0.0,0.0,0.0,,,,,,,,none
40,BRK,Rodions Kurucs,3,131,2103,2.3,.052,-2.8,-0.4,2018,2021,0.0,0,0.0,0,0.0,0,0.0,0,,0,0.0,0.0,9.0,,,,,,,,none
41,ORL,Jarred Vanderbilt,8,353,7025,18.1,.124,-0.2,3.2,2018,2026,0.0,0,0.0,0,0.0,0,0.0,0,,0,0.0,0.0,0.0,,,,,,,,none
42,DET,Bruce Brown,8,511,12718,21.7,.082,-1.6,1.2,2018,2026,0.0,0,0.0,0,0.0,0,0.0,0,,0,0.0,0.0,2.0,,,,,,,,none
43,DEN,Justin Jackson,0,,,,,,,2018,2018,0.0,0,0.0,0,0.0,0,0.0,0,,0,0.0,0.0,0.0,,,,,,,,none
44,WAS,Issuf Sanon,0,,,,,,,2018,2018,0.0,0,0.0,0,0.0,0,0.0,0,,0,0.0,0.0,0.0,,,,,,,,none
45,BRK,Hamidou Diallo,6,265,4918,6.2,.060,-2.1,-0.1,2018,2024,0.0,0,0.0,0,0.0,0,0.0,0,,0,0.0,0.0,0.0,,,,,,,,none
46,HOU,De'Anthony Melton,8,383,8731,14.7,.081,0.4,5.2,2018,2026,0.0,0,0.0,0,0.0,0,4.0,0,,0,0.0,1.0,0.0,,,,,,,,none
47,LAL,Svi Mykhailiuk,8,375,6440,4.9,.037,-2.5,-0.8,2018,2026,0.0,0,0.0,0,0.0,0,0.0,0,,0,0.0,0.0,0.0,,,,,,,,none
48,MIN,Keita Bates-Diop,6,283,4566,7.4,.078,-1.6,0.5,2018,2024,0.0,0,0.0,0,0.0,0,0.0,0,,0,0.0,0.0,0.0,,,,,,,,none
49,SAS,Chimezie Metu,6,260,3565,5.7,.076,-1.6,0.3,2018,2024,0.0,0,0.0,0,0.0,0,0.0,0,,0,0.0,0.0,0.0,,,,,,,,none
50,IND,Alize Johnson,5,76,568,1.3,.108,-2.4,-0.1,2018,2023,0.0,0,0.0,0,0.0,0,0.0,0,,0,0.0,0.0,0.0,,,,,,,,none
51,NOP,Tony Carr,0,,,,,,,2018,2018,0.0,0,0.0,0,0.0,0,0.0,0,,0,0.0,0.0,0.0,,,,,,,,none
52,UTA,Vince Edwards,1,2,16,0.0,-.014,-6.4,0.0,2018,2019,0.0,0,0.0,0,0.0,0,0.0,0,,0,0.0,0.0,0.0,,,,,,,,none
53,OKC,Devon Hall,1,11,81,-0.2,-.116,-6.7,-0.1,2018,2019,0.0,0,0.0,0,0.0,0,0.0,0,,0,0.0,0.0,0.0,,,,,,,,none
54,DAL,Shake Milton,7,359,6698,11.7,.084,-2.0,-0.1,2018,2025,0.0,0,0.0,0,0.0,0,3.0,0,,0,0.0,0.0,0.0,,,,,,,,none
55,CHO,Arnoldas Kulboka,1,2,5,0.0,-.217,-21.8,0.0,2018,2019,0.0,0,0.0,0,0.0,0,0.0,0,,0,0.0,0.0,0.0,,,,,,,,none
56,PHI,Ray Spalding,2,16,167,0.1,.024,-6.2,-0.2,2018,2020,0.0,0,0.0,0,0.0,0,0.0,0,,0,0.0,0.0,0.0,,,,,,,,none
57,OKC,Kevin Hervey,1,10,52,-0.1,-.085,-5.1,0.0,2018,2019,0.0,0,0.0,0,0.0,0,0.0,0,,0,0.0,0.0,0.0,,,,,,,,none
58,DEN,Thomas Welsh,1,11,36,0.1,.162,1.2,0.0,2018,2019,0.0,0,0.0,0,0.0,0,0.0,0,,0,0.0,0.0,0.0,,,,,,,,none
59,PHO,George King,2,5,25,-0.1,-.225,-17.2,-0.1,2018,2020,0.0,0,0.0,0,0.0,0,0.0,0,,0,0.0,0.0,0.0,,,,,,,,none
60,PHI,Kostas Antetokounmpo,3,22,87,-0.2,-.098,-9.9,-0.2,2018,2021,0.0,0,0.0,0,0.0,0,0.0,0,,0,0.0,0.0,0.0,,,,,,,,none
1,NOP,Zion Williamson,6,253,7868,27.9,.170,4.7,13.3,2019,2026,0.0,0,140.0,0,0.0,0,0.0,0,6.0,0,48.0,0.0,176.0,,,,"2021,2024",,,,first
2,MEM,Ja Morant,7,327,10370,24.6,.114,2.5,11.8,2019,2026,11.0,0,498.0,2020,0.0,0,0.0,0,221.0,2022,345.0,0.0,200.0,,2022,,"2022,2023",,,"2022,2023",first
3,NYK,RJ Barrett,7,417,13698,15.2,.053,-1.6,1.4,2019,2026,0.0,0,1.0,0,0.0,0,0.0,0,2.0,0,0.0,0.0,61.0,,,,,,,,none
4,LAL,De'Andre Hunter,7,372,10996,13.2,.058,-2.7,-2.0,2019,2026,0.0,0,0.0,0,0.0,0,33.0,0,,0,0.0,0.0,11.0,,,,,,,,none
5,CLE,Darius Garland,7,408,13485,26.0,.092,0.2,7.4,2019,2026,0.0,0,0.0,0,0.0,0,0.0,0,181.0,0,6.0,0.0,14.0,,,,2025,,,,none
6,PHO,Jarrett Culver,4,144,2480,-0.1,-.001,-4.5,-1.6,2019,2023,0.0,0,0.0,0,0.0,0,0.0,0,,0,0.0,0.0,0.0,,,,,,,,none
7,CHI,Coby White,7,451,13409,18.6,.067,-1.6,1.2,2019,2026,0.0,0,3.0,0,0.0,0,0.0,0,305.0,0,0.0,0.0,90.0,,,,,,,,second
8,ATL,Jaxson Hayes,7,411,6784,22.9,.162,-0.3,2.9,2019,2026,0.0,0,0.0,0,0.0,0,0.0,0,,0,0.0,0.0,5.0,,,,,,,,none
9,WAS,Rui Hachimura,7,380,10624,17.3,.078,-2.0,0.0,2019,2026,0.0,0,0.0,0,0.0,0,0.0,0,,0,0.0,0.0,74.0,,,,,,,,second
10,ATL,Cam Reddish,6,254,5876,3.3,.027,-3.1,-1.7,2019,2025,0.0,0,0.0,0,0.0,0,0.0,0,,0,0.0,0.0,0.0,,,,,,,,none
11,MIN,Cameron Johnson,7,370,9934,24.5,.118,1.3,8.2,2019,2026,0.0,0,0.0,0,0.0,0,128.0,0,,0,0.0,0.0,3.0,,,,,,,,none
12,CHO,P.J. Washington,7,428,13080,15.7,.058,-1.2,2.6,2019,2026,0.0,0,0.0,0,0.0,0,0.0,0,,0,0.0,0.0,88.0,,,,,,,,second
13,MIA,Tyler Herro,7,372,12112,20.9,.083,0.7,8.4,2019,2026,0.0,0,0.0,0,0.0,0,488.0,2022,16.0,0,0.0,0.0,115.0,,,,,,,,second
14,BOS,Romeo Langford,4,141,2268,2.0,.043,-3.4,-0.8,2019,2023,0.0,0,0.0,0,0.0,0,0.0,0,,0,0.0,0.0,0.0,,,,,,,,none
15,DET,Sekou Doumbouya,3,96,1639,-0.4,-.013,-6.5,-1.8,2019,2022,0.0,0,0.0,0,0.0,0,0.0,0,,0,0.0,0.0,0.0,,,,,,,,none
16,ORL,Chuma Okeke,5,198,4028,5.0,.060,-1.1,1.0,2019,2024,0.0,0,0.0,0,0.0,0,0.0,0,,0,0.0,0.0,2.0,,,,,,,,none
17,BRK,Nickeil Alexander-Walker,7,434,9697,12.9,.064,-1.1,2.2,2019,2026,0.0,0,0.0,0,0.0,0,7.0,0,,0,0.0,0.0,0.0,,,,,,,,none
18,IND,Goga Bitadze,7,361,5277,18.0,.164,1.1,4.2,2019,2026,0.0,0,0.0,0,0.0,0,0.0,0,,0,0.0,0.0,0.0,,,,,,,,none
19,SAS,Luka Šamanić,4,86,921,0.0,.001,-5.6,-0.8,2019,2023,0.0,0,0.0,0,0.0,0,0.0,0,,0,0.0,0.0,0.0,,,,,,,,none
20,BOS,Matisse Thybulle,7,351,7318,14.4,.095,1.0,5.5,2019,2026,0.0,0,0.0,0,2.0,0,0.0,0,,0,0.0,155.0,55.0,,,,,,"2021,2022",,none
21,OKC,Brandon Clarke,7,309,6412,24.6,.184,2.4,7.1,2019,2026,0.0,0,50.0,0,0.0,0,1.0,0,,0,0.0,0.0,189.0,,,,,,,,first
22,BOS,Grant Williams,7,393,8944,16.0,.086,-1.8,0.4,2019,2026,0.0,0,0.0,0,0.0,0,0.0,0,,0,0.0,0.0,0.0,,,,,,,,none
23,UTA,Darius Bazley,5,237,5536,3.1,.027,-2.4,-0.6,2019,2024,0.0,0,0.0,0,0.0,0,0.0,0,,0,0.0,0.0,0.0,,,,,,,,none
24,PHI,Ty Jerome,7,234,4241,10.5,.119,0.6,2.8,2019,2026,0.0,0,0.0,0,0.0,0,91.0,0,,0,0.0,0.0,0.0,,,,,,,,none
25,POR,Nassir Little,5,237,3735,4.7,.061,-2.6,-0.5,2019,2024,0.0,0,0.0,0,0.0,0,0.0,0,,0,0.0,0.0,0.0,,,,,,,,none
26,CLE,Dylan Windler,4,101,1090,1.6,.072,-1.4,0.2,2019,2023,0.0,0,0.0,0,0.0,0,0.0,0,,0,0.0,0.0,0.0,,,,,,,,none
27,BRK,Mfiondu Kabengele,3,55,380,0.4,.055,-3.6,-0.2,2019,2022,0.0,0,0.0,0,0.0,0,0.0,0,,0,0.0,0.0,0.0,,,,,,,,none
28,GSW,Jordan Poole,7,440,12060,11.4,.045,-1.8,0.5,2019,2026,0.0,0,0.0,0,0.0,0,0.0,0,134.0,0,0.0,0.0,0.0,,,,,,,,none
29,SAS,Keldon Johnson,7,423,11860,21.4,.087,-1.0,3.1,2019,2026,0.0,0,0.0,0,0.0,0,0.0,0,,0,0.0,0.0,0.0,,,,,,,,none
30,MIL,Kevin Porter Jr.,6,297,8283,8.0,.046,-1.1,1.9,2019,2026,0.0,0,0.0,0,0.0,0,0.0,0,,0,0.0,0.0,0.0,,,,,,,,none
31,BRK,Nic Claxton,7,361,9488,30.5,.154,1.4,8.2,2019,2026,0.0,0,0.0,0,7.0,0,0.0,0,22.0,0,0.0,25.0,0.0,,,,,,,,none
32,PHO,KZ Okpala,4,98,965,1.0,.050,-4.7,-0.7,2019,2023,0.0,0,0.0,0,0.0,0,0.0,0,,0,0.0,0.0,0.0,,,,,,,,none
33,PHI,Carsen Edwards,3,72,706,0.3,.019,-5.1,-0.5,2019,2022,0.0,0,0.0,0,0.0,0,0.0,0,,0,0.0,0.0,0.0,,,,,,,,none
34,PHI,Bruno Fernando,6,220,2326,3.8,.079,-3.0,-0.6,2019,2025,0.0,0,0.0,0,0.0,0,0.0,0,,0,0.0,0.0,0.0,,,,,,,,none
35,ATL,Didi Louzada,2,12,185,-0.1,-.034,-8.1,-0.3,2019,2021,0.0,0,0.0,0,0.0,0,0.0,0,,0,0.0,0.0,0.0,,,,,,,,none
36,CHO,Cody Martin,7,263,5733,7.1,.060,-1.8,0.3,2019,2026,0.0,0,0.0,0,0.0,0,0.0,0,,0,0.0,0.0,1.0,,,,,,,,none
37,DAL,Deividas Sirvydis,2,23,160,-0.1,-.032,-5.9,-0.2,2019,2021,0.0,0,0.0,0,0.0,0,0.0,0,,0,0.0,0.0,0.0,,,,,,,,none
38,CHI,Daniel Gafford,7,415,8275,33.6,.195,1.7,7.8,2019,2026,0.0,0,0.0,0,0.0,0,0.0,0,,0,0.0,0.0,0.0,,,,,,,,none
39,NOP,Alen Smailagić,2,29,223,0.3,.056,-3.3,-0.1,2019,2021,0.0,0,0.0,0,0.0,0,0.0,0,,0,0.0,0.0,0.0,,,,,,,,none
40,SAC,Justin James,2,72,542,0.3,.024,-3.1,-0.2,2019,2021,0.0,0,0.0,0,0.0,0,0.0,0,,0,0.0,0.0,0.0,,,,,,,,none
41,GSW,Eric Paschall,3,158,3086,5.0,.078,-2.2,-0.1,2019,2022,0.0,0,2.0,0,0.0,0,0.0,0,,0,0.0,0.0,116.0,,,,,,,,first
42,PHI,Admiral Schofield,4,131,1372,1.2,.043,-4.6,-0.9,2019,2023,0.0,0,0.0,0,0.0,0,0.0,0,,0,0.0,0.0,0.0,,,,,,,,none
43,MIN,Jaylen Nowell,6,205,3519,4.7,.064,-2.1,-0.1,2019,2025,0.0,0,0.0,0,0.0,0,0.0,0,,0,0.0,0.0,0.0,,,,,,,,none
44,MIA,Bol Bol,6,202,2750,5.0,.088,-0.4,1.1,2019,2025,0.0,0,0.0,0,0.0,0,0.0,0,,0,0.0,0.0,0.0,,,,,,,,none
45,DET,Isaiah Roby,4,151,2858,4.0,.068,-2.3,-0.2,2019,2023,0.0,0,0.0,0,0.0,0,0.0,0,,0,0.0,0.0,0.0,,,,,,,,none
46,ORL,Talen Horton-Tucker,6,305,5942,6.0,.049,-2.0,0.0,2019,2025,0.0,0,0.0,0,0.0,0,0.0,0,,0,0.0,0.0,0.0,,,,,,,,none
47,SAC,Ignas Brazdeikis,3,64,838,0.4,.024,-4.9,-0.6,2019,2022,0.0,0,0.0,0,0.0,0,0.0,0,,0,0.0,0.0,0.0,,,,,,,,none
48,LAC,Terance Mann,7,457,10238,23.2,.109,-1.0,2.5,2019,2026,0.0,0,0.0,0,0.0,0,0.0,0,,0,0.0,0.0,0.0,,,,,,,,none
49,SAS,Quinndary Weatherspoon,3,42,272,0.2,.030,-5.5,-0.2,2019,2022,0.0,0,0.0,0,0.0,0,0.0,0,,0,0.0,0.0,0.0,,,,,,,,none
50,IND,Jarrell Brantley,3,41,273,0.6,.108,0.0,0.1,2019,2022,0.0,0,0.0,0,0.0,0,0.0,0,,0,0.0,0.0,0.0,,,,,,,,none
51,BOS,Tremont Waters,3,40,407,0.1,.012,-3.0,-0.1,2019,2022,0.0,0,0.0,0,0.0,0,0.0,0,,0,0.0,0.0,0.0,,,,,,,,none
52,CHO,Jalen McDaniels,6,252,4550,5.3,.056,-3.3,-1.5,2019,2025,0.0,0,0.0,0,0.0,0,0.0,0,,0,0.0,0.0,0.0,,,,,,,,none
53,UTA,Justin Wright-Foreman,1,4,45,0.0,-.008,-9.0,-0.1,2019,2020,0.0,0,0.0,0,0.0,0,0.0,0,,0,0.0,0.0,0.0,,,,,,,,none
54,PHI,Marial Shayok,1,4,28,-0.1,-.130,-13.0,-0.1,2019,2020,0.0,0,0.0,0,0.0,0,0.0,0,,0,0.0,0.0,0.0,,,,,,,,none
55,NYK,Kyle Guy,3,53,431,0.1,.006,-4.9,-0.3,2019,2022,0.0,0,0.0,0,0.0,0,0.0,0,,0,0.0,0.0,0.0,,,,,,,,none
56,LAC,Jaylen Hands,0,,,,,,,2019,2019,0.0,0,0.0,0,0.0,0,0.0,0,,0,0.0,0.0,0.0,,,,,,,,none
57,NOP,Jordan Bone,2,24,249,0.1,.010,-5.9,-0.2,2019,2021,0.0,0,0.0,0,0.0,0,0.0,0,,0,0.0,0.0,0.0,,,,,,,,none
58,GSW,Miye Oni,3,80,672,1.0,.070,-2.5,-0.1,2019,2022,0.0,0,0.0,0,0.0,0,0.0,0,,0,0.0,0.0,0.0,,,,,,,,none
59,TOR,Dewan Hernandez,1,6,28,0.0,.043,-9.6,-0.1,2019,2020,0.0,0,0.0,0,0.0,0,0.0,0,,0,0.0,0.0,0.0,,,,,,,,none
60,SAC,Vanja Marinković,0,,,,,,,2019,2019,0.0,0,0.0,0,0.0,0,0.0,0,,0,0.0,0.0,0.0,,,,,,,,none
1,MIN,Anthony Edwards,6,426,14862,30.3,.098,2.0,15.1,2020,2026,30.0,0,309.0,0,0.0,0,0.0,0,,0,617.0,11.0,198.0,,"2024,2025",,"2023,2024,2025",,,"2024,2025",first
2,GSW,James Wiseman,5,152,2857,4.3,.072,-4.0,-1.5,2020,2025,0.0,0,0.0,0,0.0,0,0.0,0,,0,0.0,0.0,24.0,,,,,,,,none
3,CHO,LaMelo Ball,6,275,8589,16.3,.091,2.9,10.6,2020,2026,0.0,0,465.0,2021,0.0,0,0.0,0,,0,0.0,0.0,198.0,,,,,,,,first
4,CHI,Patrick Williams,6,326,8422,8.4,.048,-2.5,-1.1,2020,2026,0.0,0,0.0,0,0.0,0,0.0,0,,0,0.0,0.0,50.0,,,,,,,,second
5,CLE,Isaac Okoro,6,380,9942,17.6,.085,-2.3,-0.6,2020,2026,0.0,0,0.0,0,0.0,0,0.0,0,,0,0.0,0.0,53.0,,,,,,,,second
6,ATL,Onyeka Okongwu,6,356,8478,28.3,.160,0.4,5.1,2020,2026,0.0,0,0.0,0,0.0,0,0.0,0,,0,0.0,0.0,0.0,,,,,,,,none
7,DET,Killian Hayes,5,216,5641,-0.2,-.002,-3.8,-2.6,2020,2025,0.0,0,0.0,0,0.0,0,0.0,0,,0,0.0,0.0,0.0,,,,,,,,none
8,NYK,Obi Toppin,6,365,6320,16.6,.126,1.0,4.8,2020,2026,0.0,0,0.0,0,0.0,0,0.0,0,,0,0.0,0.0,0.0,,,,,,,,none
9,WAS,Deni Avdija,6,404,11229,19.8,.085,-0.2,5.2,2020,2026,0.0,0,0.0,0,0.0,0,0.0,0,41.0,0,0.0,0.0,0.0,,,,,,,,none
10,PHO,Jalen Smith,6,314,5236,14.2,.130,-0.2,2.4,2020,2026,0.0,0,0.0,0,0.0,0,0.0,0,,0,0.0,0.0,0.0,,,,,,,,none
11,SAS,Devin Vassell,6,343,9637,14.4,.072,-0.5,3.6,2020,2026,0.0,0,0.0,0,0.0,0,0.0,0,3.0,0,0.0,0.0,1.0,,,,,,,,none
12,SAC,Tyrese Haliburton,5,333,10998,37.6,.164,4.8,18.9,2020,2026,0.0,0,114.0,0,0.0,0,0.0,0,21.0,0,155.0,2.0,197.0,,,"2024,2025","2023,2024,2025",,,,first
13,NOP,Kira Lewis Jr.,4,131,1745,1.3,.036,-3.5,-0.6,2020,2024,0.0,0,0.0,0,0.0,0,0.0,0,,0,0.0,0.0,0.0,,,,,,,,none
14,BOS,Aaron Nesmith,6,320,7153,11.1,.075,-2.0,-0.1,2020,2026,0.0,0,0.0,0,0.0,0,0.0,0,1.0,0,0.0,1.0,0.0,,,,,,,,none
15,ORL,Cole Anthony,6,355,8462,10.6,.060,-0.8,2.5,2020,2026,0.0,0,0.0,0,0.0,0,0.0,0,,0,0.0,0.0,40.0,,,,,,,,none
16,POR,Isaiah Stewart,6,355,8658,18.8,.104,-1.5,1.0,2020,2026,0.0,0,0.0,0,0.0,0,0.0,0,,0,0.0,0.0,71.0,,,,,,,,second
17,MIN,Aleksej Pokusevski,4,168,3429,-0.2,-.002,-3.1,-1.0,2020,2025,0.0,0,0.0,0,0.0,0,0.0,0,,0,0.0,0.0,1.0,,,,,,,,none
18,DAL,Josh Green,6,321,6896,10.2,.071,-2.7,-1.3,2020,2026,0.0,0,0.0,0,0.0,0,0.0,0,,0,0.0,0.0,0.0,,,,,,,,none
19,BRK,Saddiq Bey,5,340,10262,18.3,.085,-0.5,3.9,2020,2025,0.0,0,3.0,0,0.0,0,0.0,0,,0,0.0,0.0,162.0,,,,,,,,first
20,MIA,Precious Achiuwa,6,367,7352,13.2,.086,-2.2,-0.3,2020,2026,0.0,0,0.0,0,0.0,0,0.0,0,,0,0.0,0.0,0.0,,,,,,,,none
21,PHI,Tyrese Maxey,6,369,12163,33.8,.133,2.1,12.4,2020,2026,0.0,0,0.0,0,0.0,0,0.0,0,371.0,2024,16.0,0.0,9.0,,,,2024,,,,none
22,DEN,Zeke Nnaji,6,290,3507,7.5,.103,-2.7,-0.6,2020,2026,0.0,0,0.0,0,0.0,0,0.0,0,,0,0.0,0.0,0.0,,,,,,,,none
23,NYK,Leandro Bolmaro,2,49,309,-0.3,-.048,-7.8,-0.5,2020,2022,0.0,0,0.0,0,0.0,0,0.0,0,,0,0.0,0.0,0.0,,,,,,,,none
24,MIL,R.J. Hampton,4,170,3116,0.8,.013,-3.8,-1.4,2020,2024,0.0,0,0.0,0,0.0,0,0.0,0,,0,0.0,0.0,0.0,,,,,,,,none
25,OKC,Immanuel Quickley,6,375,9945,26.1,.126,1.4,8.5,2020,2026,0.0,0,0.0,0,0.0,0,328.0,0,,0,0.0,0.0,148.0,,,,,,,,second
26,BOS,Payton Pritchard,6,399,8707,26.7,.147,1.4,7.6,2020,2026,0.0,0,0.0,0,0.0,0,454.0,2025,6.0,0,0.0,0.0,20.0,,,,,,,,none
27,UTA,Udoka Azubuike,4,84,724,2.0,.133,-1.5,0.1,2020,2024,0.0,0,0.0,0,0.0,0,0.0,0,,0,0.0,0.0,0.0,,,,,,,,none
28,LAL,Jaden McDaniels,6,419,12149,22.1,.087,-1.6,1.3,2020,2026,0.0,0,0.0,0,0.0,0,0.0,0,,0,0.0,116.0,15.0,,,,,,2024,,none
29,TOR,Malachi Flynn,5,217,3076,2.9,.045,-2.6,-0.5,2020,2025,0.0,0,0.0,0,0.0,0,0.0,0,,0,0.0,0.0,0.0,,,,,,,,none
30,BOS,Desmond Bane,6,365,11036,29.2,.127,2.0,11.2,2020,2026,0.0,0,0.0,0,0.0,0,0.0,0,74.0,0,1.0,2.0,88.0,,,,2022,,,,second
31,DAL,Tyrell Terry,2,13,59,0.0,-.035,-4.8,0.0,2020,2022,0.0,0,0.0,0,0.0,0,0.0,0,,0,0.0,0.0,0.0,,,,,,,,none
32,CHO,Vernon Carey Jr.,3,37,187,0.2,.058,-6.3,-0.2,2020,2023,0.0,0,0.0,0,0.0,0,0.0,0,,0,0.0,0.0,0.0,,,,,,,,none
33,MIN,Daniel Oturu,2,33,188,0.3,.086,-5.2,-0.2,2020,2022,0.0,0,0.0,0,0.0,0,0.0,0,,0,0.0,0.0,0.0,,,,,,,,none
34,PHI,Théo Maledon,4,177,3753,-0.2,-.002,-4.6,-2.4,2020,2024,0.0,0,0.0,0,0.0,0,0.0,0,,0,0.0,0.0,5.0,,,,,,,,none
35,SAC,Xavier Tillman Sr.,6,274,4282,10.2,.114,-0.2,2.0,2020,2026,0.0,0,0.0,0,0.0,0,0.0,0,,0,0.0,0.0,4.0,,,,,,,,none
36,PHI,Tyler Bey,1,18,71,0.0,-.033,-9.5,-0.1,2020,2021,0.0,0,0.0,0,0.0,0,0.0,0,,0,0.0,0.0,0.0,,,,,,,,none
37,WAS,Vit Krejci,5,188,3662,6.1,.080,-2.0,0.0,2020,2026,0.0,0,0.0,0,0.0,0,0.0,0,,0,0.0,0.0,0.0,,,,,,,,none
38,UTA,Saben Lee,4,134,1943,3.5,.085,-1.4,0.3,2020,2024,0.0,0,0.0,0,0.0,0,0.0,0,,0,0.0,0.0,0.0,,,,,,,,none
39,NOP,Elijah Hughes,2,54,498,-0.4,-.039,-6.4,-0.5,2020,2022,0.0,0,0.0,0,0.0,0,0.0,0,,0,0.0,0.0,0.0,,,,,,,,none
40,MEM,Robert Woodard II,2,25,87,-0.1,-.077,-7.7,-0.1,2020,2022,0.0,0,0.0,0,0.0,0,0.0,0,,0,0.0,0.0,0.0,,,,,,,,none
41,SAS,Tre Jones,6,335,7464,18.1,.117,-0.2,3.4,2020,2026,0.0,0,0.0,0,0.0,0,0.0,0,,0,0.0,0.0,0.0,,,,,,,,none
42,NOP,Nick Richards,6,287,4961,13.6,.132,-2.6,-0.8,2020,2026,0.0,0,0.0,0,0.0,0,0.0,0,,0,0.0,0.0,0.0,,,,,,,,none
43,SAC,Jahmi'us Ramsey,3,39,349,-0.1,-.008,-5.4,-0.3,2020,2023,0.0,0,0.0,0,0.0,0,0.0,0,,0,0.0,0.0,0.0,,,,,,,,none
44,CHI,Marko Simonovic,2,16,55,0.0,-.026,-12.3,-0.1,2020,2022,0.0,0,0.0,0,0.0,0,0.0,0,,0,0.0,0.0,0.0,,,,,,,,none
45,MIL,Jordan Nwora,4,206,3359,3.0,.043,-2.8,-0.7,2020,2024,0.0,0,0.0,0,0.0,0,0.0,0,,0,0.0,0.0,0.0,,,,,,,,none
46,POR,CJ Elleby,2,88,1366,0.5,.018,-5.2,-1.1,2020,2022,0.0,0,0.0,0,0.0,0,0.0,0,,0,0.0,0.0,0.0,,,,,,,,none
47,BOS,Yam Madar,0,,,,,,,2020,2020,0.0,0,0.0,0,0.0,0,0.0,0,,0,0.0,0.0,0.0,,,,,,,,none
48,GSW,Nico Mannion,1,30,364,0.2,.029,-3.9,-0.2,2020,2021,0.0,0,0.0,0,0.0,0,0.0,0,,0,0.0,0.0,0.0,,,,,,,,none
49,PHI,Isaiah Joe,6,366,6382,16.6,.125,0.3,3.7,2020,2026,0.0,0,0.0,0,0.0,0,0.0,0,,0,0.0,0.0,0.0,,,,,,,,none
50,ATL,Skylar Mays,4,105,1111,2.1,.092,-0.7,0.4,2020,2024,0.0,0,0.0,0,0.0,0,0.0,0,,0,0.0,0.0,0.0,,,,,,,,none
51,GSW,Justinian Jessup,0,,,,,,,2020,2020,0.0,0,0.0,0,0.0,0,0.0,0,,0,0.0,0.0,0.0,,,,,,,,none
52,SAC,KJ Martin,5,309,6674,12.4,.089,-1.8,0.4,2020,2025,0.0,0,0.0,0,0.0,0,0.0,0,,0,0.0,0.0,3.0,,,,,,,,none
53,OKC,Cassius Winston,2,29,137,0.1,.051,-4.9,-0.1,2020,2022,0.0,0,0.0,0,0.0,0,0.0,0,,0,0.0,0.0,0.0,,,,,,,,none
54,IND,Cassius Stanley,2,33,248,0.0,-.006,-7.9,-0.4,2020,2022,0.0,0,0.0,0,0.0,0,0.0,0,,0,0.0,0.0,0.0,,,,,,,,none
55,BRK,Jay Scrubb,3,24,235,-0.1,-.014,-6.6,-0.3,2020,2023,0.0,0,0.0,0,0.0,0,0.0,0,,0,0.0,0.0,0.0,,,,,,,,none
56,CHO,Grant Riller,1,7,27,0.1,.177,5.1,0.0,2020,2021,0.0,0,0.0,0,0.0,0,0.0,0,,0,0.0,0.0,0.0,,,,,,,,none
57,LAC,Reggie Perry,2,36,398,0.4,.048,-5.5,-0.3,2020,2022,0.0,0,0.0,0,0.0,0,0.0,0,,0,0.0,0.0,0.0,,,,,,,,none
58,PHI,Paul Reed,6,297,3715,13.4,.173,1.0,2.9,2020,2026,0.0,0,0.0,0,0.0,0,0.0,0,,0,0.0,0.0,0.0,,,,,,,,none
59,TOR,Jalen Harris,1,13,172,0.3,.079,0.3,0.1,2020,2021,0.0,0,0.0,0,0.0,0,0.0,0,,0,0.0,0.0,0.0,,,,,,,,none
60,NOP,Sam Merrill,6,203,3581,9.0,.121,0.2,2.0,2020,2026,0.0,0,0.0,0,0.0,0,0.0,0,,0,0.0,0.0,0.0,,,,,,,,none
1,DET,Cade Cunningham,5,254,8624,13.0,.072,1.8,8.4,2021,2026,12.0,0,153.0,0,0.0,0,0.0,0,122.0,0,223.0,0.0,200.0,,,2025,2025,,,2025,first
2,HOU,Jalen Green,5,314,10145,10.9,.051,-1.1,2.3,2021,2026,0.0,0,3.0,0,0.0,0,0.0,0,,0,0.0,0.0,158.0,,,,,,,,first
3,CLE,Evan Mobley,5,311,10147,32.2,.152,2.4,11.2,2021,2026,1.0,0,363.0,0,386.0,2025,0.0,0,21.0,0,238.0,344.0,200.0,,2025,,2025,"2023,2025",,2025,first
4,TOR,Scottie Barnes,5,329,11349,24.7,.105,2.1,11.6,2021,2026,0.0,0,378.0,2022,0.0,0,0.0,0,,0,0.0,3.0,200.0,,,,,,,,first
5,ORL,Jalen Suggs,5,243,6425,7.4,.055,-0.5,2.4,2021,2026,0.0,0,0.0,0,1.0,0,0.0,0,11.0,0,0.0,99.0,6.0,,,,,,2024,,none
6,OKC,Josh Giddey,5,314,9285,16.4,.085,1.5,8.1,2021,2026,0.0,0,0.0,0,0.0,0,0.0,0,13.0,0,0.0,0.0,122.0,,,,,,,,second
7,GSW,Jonathan Kuminga,5,278,6148,12.3,.096,-1.2,1.3,2021,2026,0.0,0,0.0,0,0.0,0,0.0,0,,0,0.0,0.0,47.0,,,,,,,,none
8,ORL,Franz Wagner,5,318,10268,24.0,.112,1.0,7.7,2021,2026,0.0,0,2.0,0,0.0,0,0.0,0,,0,0.0,0.0,183.0,,,,,,,,first
9,SAC,Davion Mitchell,5,346,7952,8.8,.053,-2.8,-1.6,2021,2026,0.0,0,0.0,0,0.0,0,0.0,0,,0,0.0,0.0,28.0,,,,,,,,none
10,NOP,Ziaire Williams,5,250,5330,5.5,.050,-3.3,-1.7,2021,2026,0.0,0,0.0,0,0.0,0,0.0,0,,0,0.0,0.0,5.0,,,,,,,,none
11,CHO,James Bouknight,3,79,900,-0.3,-.017,-5.9,-0.9,2021,2024,0.0,0,0.0,0,0.0,0,0.0,0,,0,0.0,0.0,0.0,,,,,,,,none
12,SAS,Joshua Primo,3,56,1068,-0.2,-.011,-5.3,-0.9,2021,2024,0.0,0,0.0,0,0.0,0,0.0,0,,0,0.0,0.0,0.0,,,,,,,,none
13,IND,Chris Duarte,4,177,3231,1.9,.028,-3.0,-0.8,2021,2025,0.0,0,0.0,0,0.0,0,0.0,0,,0,0.0,0.0,52.0,,,,,,,,second
14,GSW,Moses Moody,5,307,5525,11.3,.098,-1.0,1.5,2021,2026,0.0,0,0.0,0,0.0,0,0.0,0,,0,0.0,0.0,0.0,,,,,,,,none
15,WAS,Corey Kispert,5,326,8254,10.3,.060,-2.3,-0.6,2021,2026,0.0,0,0.0,0,0.0,0,0.0,0,,0,0.0,0.0,0.0,,,,,,,,none
16,OKC,Alperen Şengün,5,331,9631,27.6,.138,3.0,12.1,2021,2026,0.0,0,0.0,0,0.0,0,0.0,0,92.0,0,58.0,0.0,13.0,,,,2025,,,,none
17,MEM,Trey Murphy III,5,302,8682,23.2,.128,1.5,7.8,2021,2026,0.0,0,0.0,0,0.0,0,0.0,0,8.0,0,0.0,0.0,1.0,,,,,,,,none
18,OKC,Tre Mann,5,214,4384,1.8,.019,-3.5,-1.7,2021,2026,0.0,0,0.0,0,0.0,0,0.0,0,,0,0.0,0.0,0.0,,,,,,,,none
19,NYK,Kai Jones,3,107,1081,2.8,.126,-1.2,0.2,2021,2024,0.0,0,0.0,0,0.0,0,0.0,0,,0,0.0,0.0,0.0,,,,,,,,none
20,ATL,Jalen Johnson,5,233,6085,13.6,.107,2.0,6.1,2021,2026,0.0,0,0.0,0,0.0,0,0.0,0,,0,0.0,0.0,0.0,,,,,,,,none
21,NYK,Keon Johnson,4,161,3098,-0.3,-.005,-4.2,-1.7,2021,2025,0.0,0,0.0,0,0.0,0,0.0,0,,0,0.0,0.0,0.0,,,,,,,,none
22,LAL,Isaiah Jackson,5,202,3081,9.2,.143,-0.6,1.1,2021,2026,0.0,0,0.0,0,0.0,0,0.0,0,,0,0.0,0.0,0.0,,,,,,,,none
23,HOU,Usman Garuba,3,105,1228,2.3,.090,-1.4,0.2,2021,2024,0.0,0,0.0,0,0.0,0,0.0,0,,0,0.0,0.0,0.0,,,,,,,,none
24,HOU,Josh Christopher,3,152,2189,0.2,.003,-3.9,-1.1,2021,2024,0.0,0,0.0,0,0.0,0,0.0,0,,0,0.0,0.0,1.0,,,,,,,,none
25,LAC,Quentin Grimes,5,291,7379,13.4,.087,-0.5,2.9,2021,2026,0.0,0,0.0,0,0.0,0,0.0,0,,0,0.0,0.0,0.0,,,,,,,,none
26,DEN,Bones Hyland,5,232,3861,6.3,.078,-0.5,1.5,2021,2026,0.0,0,0.0,0,0.0,0,0.0,0,,0,0.0,0.0,81.0,,,,,,,,second
27,BRK,Cam Thomas,5,240,5575,5.3,.045,-2.1,-0.2,2021,2026,0.0,0,0.0,0,0.0,0,0.0,0,16.0,0,0.0,0.0,1.0,,,,,,,,none
28,PHI,Jaden Springer,4,110,967,1.4,.068,-2.7,-0.2,2021,2025,0.0,0,0.0,0,0.0,0,0.0,0,,0,0.0,0.0,0.0,,,,,,,,none
29,PHO,Day'Ron Sharpe,5,241,3685,11.4,.149,0.0,1.9,2021,2026,0.0,0,0.0,0,0.0,0,0.0,0,,0,0.0,0.0,0.0,,,,,,,,none
30,UTA,Santi Aldama,5,278,6518,15.0,.110,0.9,4.8,2021,2026,0.0,0,0.0,0,0.0,0,0.0,0,,0,0.0,0.0,0.0,,,,,,,,none
31,MIL,Isaiah Todd,2,18,135,-0.3,-.124,-10.2,-0.3,2021,2023,0.0,0,0.0,0,0.0,0,0.0,0,,0,0.0,0.0,0.0,,,,,,,,none
32,NYK,Jeremiah Robinson-Earl,5,219,3835,6.0,.075,-2.4,-0.4,2021,2026,0.0,0,0.0,0,0.0,0,0.0,0,,0,0.0,0.0,0.0,,,,,,,,none
33,ORL,Jason Preston,2,21,195,0.1,.023,-2.6,0.0,2021,2023,0.0,0,0.0,0,0.0,0,0.0,0,,0,0.0,0.0,0.0,,,,,,,,none
34,OKC,Rokas Jokubaitis,0,,,,,,,2021,2021,0.0,0,0.0,0,0.0,0,0.0,0,,0,0.0,0.0,0.0,,,,,,,,none
35,NOP,Herbert Jones,5,272,8171,16.1,.095,-0.7,2.7,2021,2026,0.0,0,1.0,0,14.0,0,0.0,0,,0,0.0,184.0,123.0,,,,,2024,,,second
36,OKC,Miles McBride,5,271,5034,10.4,.099,-0.4,2.0,2021,2026,0.0,0,0.0,0,0.0,0,0.0,0,,0,0.0,0.0,0.0,,,,,,,,none
37,DET,JT Thor,4,185,2261,1.2,.026,-4.5,-1.5,2021,2025,0.0,0,0.0,0,0.0,0,0.0,0,,0,0.0,0.0,0.0,,,,,,,,none
38,CHI,Ayo Dosunmu,5,326,9056,15.7,.083,-1.4,1.4,2021,2026,0.0,0,0.0,0,0.0,0,0.0,0,,0,0.0,1.0,75.0,,,,,,,,second
39,SAC,Neemias Queta,5,160,2610,10.5,.192,0.5,1.6,2021,2026,0.0,0,0.0,0,0.0,0,0.0,0,,0,0.0,0.0,0.0,,,,,,,,none
40,NOP,Jared Butler,4,148,2047,2.5,.059,-1.5,0.3,2021,2025,0.0,0,0.0,0,0.0,0,0.0,0,,0,0.0,0.0,0.0,,,,,,,,none
41,SAS,Joe Wieskamp,2,38,255,0.1,.013,-5.3,-0.2,2021,2023,0.0,0,0.0,0,0.0,0,0.0,0,,0,0.0,0.0,0.0,,,,,,,,none
42,DET,Isaiah Livers,4,123,2345,2.1,.043,-2.9,-0.5,2021,2025,0.0,0,0.0,0,0.0,0,0.0,0,,0,0.0,0.0,0.0,,,,,,,,none
43,NOP,Greg Brown III,3,70,773,0.2,.015,-5.1,-0.6,2021,2024,0.0,0,0.0,0,0.0,0,0.0,0,,0,0.0,0.0,0.0,,,,,,,,none
44,BRK,Kessler Edwards,4,178,2255,2.7,.058,-2.9,-0.5,2021,2025,0.0,0,0.0,0,0.0,0,0.0,0,,0,0.0,0.0,0.0,,,,,,,,none
45,BOS,Juhann Begarin,0,,,,,,,2021,2021,0.0,0,0.0,0,0.0,0,0.0,0,,0,0.0,0.0,0.0,,,,,,,,none
46,TOR,Dalano Banton,5,218,3152,2.1,.033,-1.4,0.5,2021,2026,0.0,0,0.0,0,0.0,0,0.0,0,,0,0.0,0.0,0.0,,,,,,,,none
47,TOR,David Johnson,1,2,2,0.0,-.495,-27.7,0.0,2021,2022,0.0,0,0.0,0,0.0,0,0.0,0,,0,0.0,0.0,0.0,,,,,,,,none
48,ATL,Sharife Cooper,2,24,186,-0.2,-.064,-8.2,-0.3,2021,2023,0.0,0,0.0,0,0.0,0,0.0,0,,0,0.0,0.0,0.0,,,,,,,,none
49,BRK,Marcus Zegarowski,0,,,,,,,2021,2021,0.0,0,0.0,0,0.0,0,0.0,0,,0,0.0,0.0,0.0,,,,,,,,none
50,PHI,Filip Petrušev,1,3,10,0.0,.029,-8.0,0.0,2021,2022,0.0,0,0.0,0,0.0,0,0.0,0,,0,0.0,0.0,0.0,,,,,,,,none
51,MEM,Brandon Boston Jr.,4,147,2346,1.0,.021,-3.7,-1.0,2021,2025,0.0,0,0.0,0,0.0,0,0.0,0,,0,0.0,0.0,0.0,,,,,,,,none
52,DET,Luka Garza,5,168,1716,6.6,.184,0.1,0.9,2021,2026,0.0,0,0.0,0,0.0,0,0.0,0,,0,0.0,0.0,0.0,,,,,,,,none
53,PHI,Charles Bassey,5,115,1288,3.9,.144,0.3,0.7,2021,2026,0.0,0,0.0,0,0.0,0,0.0,0,,0,0.0,0.0,0.0,,,,,,,,none
54,IND,Sandro Mamukelashvili,5,243,3379,9.4,.133,0.9,2.5,2021,2026,0.0,0,0.0,0,0.0,0,0.0,0,,0,0.0,0.0,0.0,,,,,,,,none
55,OKC,Aaron Wiggins,5,313,6407,14.8,.111,-0.7,2.1,2021,2026,0.0,0,0.0,0,0.0,0,0.0,0,,0,0.0,0.0,0.0,,,,,,,,none
56,CHO,Scottie Lewis,1,2,7,0.0,.164,6.0,0.0,2021,2022,0.0,0,0.0,0,0.0,0,0.0,0,,0,0.0,0.0,0.0,,,,,,,,none
57,CHO,Balša Koprivica,0,,,,,,,2021,2021,0.0,0,0.0,0,0.0,0,0.0,0,,0,0.0,0.0,0.0,,,,,,,,none
58,NYK,Jericho Sims,5,228,3141,7.9,.120,-2.1,-0.1,2021,2026,0.0,0,0.0,0,0.0,0,0.0,0,,0,0.0,0.0,0.0,,,,,,,,none
59,BRK,RaiQuan Gray,2,4,74,0.2,.149,2.9,0.1,2021,2023,0.0,0,0.0,0,0.0,0,0.0,0,,0,0.0,0.0,0.0,,,,,,,,none
60,IND,Georgios Kalaitzakis,1,13,213,-0.1,-.024,-7.0,-0.3,2021,2022,0.0,0,0.0,0,0.0,0,0.0,0,,0,0.0,0.0,0.0,,,,,,,,none
1,ORL,Paolo Banchero,4,240,8253,14.0,.081,0.9,6.1,2022,2026,0.0,0,494.0,2023,0.0,0,0.0,0,,0,10.0,0.0,200.0,,,,2024,,,,first
2,OKC,Chet Holmgren,3,161,4672,18.2,.187,3.3,6.2,2022,2026,0.0,0,295.0,0,0.0,0,0.0,0,,0,0.0,21.0,198.0,,,,,,,,first
3,HOU,Jabari Smith Jr.,4,263,8379,16.1,.092,-1.4,1.2,2022,2026,0.0,0,0.0,0,0.0,0,0.0,0,,0,0.0,0.0,72.0,,,,,,,,second
4,SAC,Keegan Murray,4,252,8263,14.2,.082,-1.2,1.6,2022,2026,0.0,0,21.0,0,0.0,0,0.0,0,,0,0.0,0.0,185.0,,,,,,,,first
5,DET,Jaden Ivey,4,217,6061,2.9,.023,-2.4,-0.6,2022,2026,0.0,0,3.0,0,0.0,0,0.0,0,,0,0.0,0.0,142.0,,,,,,,,second
6,IND,Bennedict Mathurin,4,238,6826,7.2,.050,-3.2,-2.2,2022,2026,0.0,0,27.0,0,0.0,0,2.0,0,,0,0.0,0.0,170.0,,,,,,,,first
7,POR,Shaedon Sharpe,4,232,6529,5.8,.043,-2.1,-0.1,2022,2026,0.0,0,0.0,0,0.0,0,0.0,0,,0,0.0,0.0,36.0,,,,,,,,none
8,NOP,Dyson Daniels,4,248,6726,12.4,.088,0.3,3.9,2022,2026,0.0,0,0.0,0,197.0,0,0.0,0,332.0,2025,0.0,191.0,0.0,,,,,2025,,,none
9,SAS,Jeremy Sochan,4,212,5373,4.8,.043,-3.0,-1.3,2022,2026,0.0,0,0.0,0,0.0,0,0.0,0,,0,0.0,0.0,66.0,,,,,,,,second
10,WAS,Johnny Davis,3,112,1278,-0.4,-.013,-6.2,-1.3,2022,2025,0.0,0,0.0,0,0.0,0,0.0,0,,0,0.0,0.0,0.0,,,,,,,,none
11,NYK,Ousmane Dieng,4,137,1639,2.3,.068,-2.4,-0.2,2022,2026,0.0,0,0.0,0,0.0,0,0.0,0,,0,0.0,0.0,0.0,,,,,,,,none
12,OKC,Jalen Williams,4,240,7472,22.7,.146,2.1,7.8,2022,2026,0.0,0,241.0,0,0.0,0,0.0,0,81.0,0,73.0,79.0,199.0,,,2025,2025,,2025,,first
13,CHO,Jalen Duren,4,250,6699,24.6,.176,1.4,5.7,2022,2026,0.0,0,0.0,0,0.0,0,0.0,0,,0,0.0,1.0,85.0,,,,,,,,second
14,CLE,Ochai Agbaji,4,243,5239,5.2,.048,-2.9,-1.3,2022,2026,0.0,0,0.0,0,0.0,0,0.0,0,,0,0.0,0.0,0.0,,,,,,,,none
15,CHO,Mark Williams,4,155,3693,15.5,.201,2.1,3.9,2022,2026,0.0,0,0.0,0,0.0,0,0.0,0,,0,0.0,0.0,2.0,,,,,,,,none
16,ATL,AJ Griffin,2,92,1572,1.8,.053,-1.7,0.1,2022,2025,0.0,0,0.0,0,0.0,0,0.0,0,,0,0.0,0.0,26.0,,,,,,,,none
17,HOU,Tari Eason,4,191,4421,10.8,.117,0.9,3.2,2022,2026,0.0,0,0.0,0,0.0,0,0.0,0,,0,0.0,0.0,47.0,,,,,,,,second
18,CHI,Dalen Terry,4,204,2259,2.8,.060,-2.6,-0.3,2022,2026,0.0,0,0.0,0,0.0,0,0.0,0,,0,0.0,0.0,0.0,,,,,,,,none
19,MIN,Jake LaRavia,4,189,3993,6.9,.083,-1.2,0.9,2022,2026,0.0,0,0.0,0,0.0,0,0.0,0,,0,0.0,0.0,0.0,,,,,,,,none
20,SAS,Malaki Branham,4,216,3846,0.1,.001,-4.9,-2.9,2022,2026,0.0,0,0.0,0,0.0,0,0.0,0,,0,0.0,0.0,0.0,,,,,,,,none
21,DEN,Christian Braun,4,255,6048,14.1,.112,-1.1,1.3,2022,2026,0.0,0,0.0,0,0.0,0,0.0,0,120.0,0,0.0,0.0,12.0,,,,,,,,none
22,MEM,Walker Kessler,4,201,5090,17.1,.161,2.0,5.1,2022,2026,0.0,0,114.0,0,0.0,0,0.0,0,,0,0.0,1.0,195.0,,,,,,,,first
23,PHI,David Roddy,3,168,2845,1.7,.029,-4.0,-1.4,2022,2025,0.0,0,0.0,0,0.0,0,0.0,0,,0,0.0,0.0,0.0,,,,,,,,none
24,MIL,MarJon Beauchamp,4,136,1485,1.3,.042,-3.9,-0.7,2022,2026,0.0,0,0.0,0,0.0,0,0.0,0,,0,0.0,0.0,1.0,,,,,,,,none
25,SAS,Blake Wesley,4,167,2401,-0.3,-.006,-5.4,-2.1,2022,2026,0.0,0,0.0,0,0.0,0,0.0,0,,0,0.0,0.0,0.0,,,,,,,,none
26,DAL,Wendell Moore Jr.,4,95,781,1.0,.059,-2.5,-0.1,2022,2026,0.0,0,0.0,0,0.0,0,0.0,0,,0,0.0,0.0,0.0,,,,,,,,none
27,MIA,Nikola Jović,4,150,3027,4.8,.076,-0.8,0.9,2022,2026,0.0,0,0.0,0,0.0,0,0.0,0,,0,0.0,0.0,0.0,,,,,,,,none
28,GSW,Patrick Baldwin Jr.,4,96,840,0.6,.035,-3.0,-0.2,2022,2026,0.0,0,0.0,0,0.0,0,0.0,0,,0,0.0,0.0,0.0,,,,,,,,none
29,MEM,TyTy Washington Jr.,4,63,647,-0.2,-.012,-5.7,-0.6,2022,2026,0.0,0,0.0,0,0.0,0,0.0,0,,0,0.0,0.0,0.0,,,,,,,,none
30,OKC,Peyton Watson,4,220,4835,7.6,.076,-1.7,0.3,2022,2026,0.0,0,0.0,0,0.0,0,0.0,0,,0,0.0,0.0,0.0,,,,,,,,none
31,IND,Andrew Nembhard,4,251,7032,8.2,.056,-2.3,-0.4,2022,2026,0.0,0,0.0,0,0.0,0,0.0,0,,0,0.0,0.0,46.0,,,,,,,,none
32,ORL,Caleb Houstan,4,178,2464,4.0,.078,-2.7,-0.5,2022,2026,0.0,0,0.0,0,0.0,0,0.0,0,,0,0.0,0.0,0.0,,,,,,,,none
33,TOR,Christian Koloko,3,115,1450,2.9,.097,-3.5,-0.6,2022,2025,0.0,0,0.0,0,0.0,0,0.0,0,,0,0.0,0.0,0.0,,,,,,,,none
34,OKC,Jaylin Williams,4,204,3343,9.4,.135,1.0,2.6,2022,2026,0.0,0,0.0,0,0.0,0,0.0,0,,0,0.0,0.0,7.0,,,,,,,,none
35,LAL,Max Christie,4,235,5037,6.8,.065,-2.1,-0.1,2022,2026,0.0,0,0.0,0,0.0,0,0.0,0,,0,0.0,0.0,0.0,,,,,,,,none
36,POR,Gabriele Procida,0,,,,,,,2022,2022,0.0,0,0.0,0,0.0,0,0.0,0,,0,0.0,0.0,0.0,,,,,,,,none
37,SAC,Jaden Hardy,4,212,3032,0.9,.014,-3.8,-1.4,2022,2026,0.0,0,0.0,0,0.0,0,0.0,0,,0,0.0,0.0,4.0,,,,,,,,none
38,SAS,Kennedy Chandler,1,36,281,0.3,.044,-2.7,0.0,2022,2023,0.0,0,0.0,0,0.0,0,0.0,0,,0,0.0,0.0,0.0,,,,,,,,none
39,CLE,Khalifa Diop,0,,,,,,,2022,2022,0.0,0,0.0,0,0.0,0,0.0,0,,0,0.0,0.0,0.0,,,,,,,,none
40,MIN,Bryce McGowens,4,149,2316,1.7,.035,-4.9,-1.7,2022,2026,0.0,0,0.0,0,0.0,0,0.0,0,,0,0.0,0.0,0.0,,,,,,,,none
41,NOP,E.J. Liddell,3,30,125,0.2,.070,-3.4,0.0,2022,2025,0.0,0,0.0,0,0.0,0,0.0,0,,0,0.0,0.0,0.0,,,,,,,,none
42,NYK,Trevor Keels,1,3,8,0.0,-.062,-13.0,0.0,2022,2023,0.0,0,0.0,0,0.0,0,0.0,0,,0,0.0,0.0,0.0,,,,,,,,none
43,LAC,Moussa Diabaté,4,154,2758,8.8,.153,-0.6,1.0,2022,2026,0.0,0,0.0,0,0.0,0,0.0,0,,0,0.0,0.0,0.0,,,,,,,,none
44,ATL,Ryan Rollins,4,132,2593,4.2,.079,-0.3,1.1,2022,2026,0.0,0,0.0,0,0.0,0,0.0,0,,0,0.0,0.0,0.0,,,,,,,,none
45,CHO,Josh Minott,4,126,989,3.4,.167,2.0,1.0,2022,2026,0.0,0,0.0,0,0.0,0,0.0,0,,0,0.0,0.0,0.0,,,,,,,,none
46,DET,Ismael Kamagate,0,,,,,,,2022,2022,0.0,0,0.0,0,0.0,0,0.0,0,,0,0.0,0.0,0.0,,,,,,,,none
47,MEM,Vince Williams Jr.,4,130,2800,3.6,.061,-1.4,0.4,2022,2026,0.0,0,0.0,0,0.0,0,0.0,0,,0,0.0,0.0,0.0,,,,,,,,none
48,MIN,Kendall Brown,2,21,103,0.1,.055,-5.3,-0.1,2022,2024,0.0,0,0.0,0,0.0,0,0.0,0,,0,0.0,0.0,0.0,,,,,,,,none
49,CLE,Isaiah Mobley,3,23,173,0.3,.090,-3.0,0.0,2022,2025,0.0,0,0.0,0,0.0,0,0.0,0,,0,0.0,0.0,0.0,,,,,,,,none
50,MIN,Matteo Spagnolo,0,,,,,,,2022,2022,0.0,0,0.0,0,0.0,0,0.0,0,,0,0.0,0.0,0.0,,,,,,,,none
51,GSW,Tyrese Martin,3,113,2077,1.2,.028,-2.9,-0.4,2022,2025,0.0,0,0.0,0,0.0,0,0.0,0,,0,0.0,0.0,0.0,,,,,,,,none
52,NOP,Karlo Matković,2,84,1334,3.0,.107,-1.1,0.3,2022,2024,0.0,0,0.0,0,0.0,0,0.0,0,,0,0.0,0.0,0.0,,,,,,,,none
53,BOS,JD Davison,4,60,376,0.4,.051,-2.9,-0.1,2022,2026,0.0,0,0.0,0,0.0,0,0.0,0,,0,0.0,0.0,0.0,,,,,,,,none
54,WAS,Yannick Nzosa,0,,,,,,,2022,2022,0.0,0,0.0,0,0.0,0,0.0,0,,0,0.0,0.0,0.0,,,,,,,,none
55,GSW,Gui Santos,3,122,1569,3.9,.118,-0.7,0.5,2022,2025,0.0,0,0.0,0,0.0,0,0.0,0,,0,0.0,0.0,0.0,,,,,,,,none
56,CLE,Luke Travers,2,24,191,-0.1,-.024,-6.2,-0.2,2022,2024,0.0,0,0.0,0,0.0,0,0.0,0,,0,0.0,0.0,0.0,,,,,,,,none
57,POR,Jabari Walker,4,233,3611,6.0,.080,-3.4,-1.3,2022,2026,0.0,0,0.0,0,0.0,0,0.0,0,,0,0.0,0.0,0.0,,,,,,,,none
58,IND,Hugo Besson,0,,,,,,,2022,2022,0.0,0,0.0,0,0.0,0,0.0,0,,0,0.0,0.0,0.0,,,,,,,,none
1,SAS,Victor Wembanyama,3,156,4761,12.8,.129,6.5,10.2,2023,2026,0.0,0,495.0,2024,245.0,0,0.0,0,,0,11.0,184.0,198.0,,,,2024,2024,,,first
2,CHO,Brandon Miller,3,138,4429,3.1,.034,-1.2,0.8,2023,2026,0.0,0,86.0,0,0.0,0,0.0,0,,0,0.0,0.0,195.0,,,,,,,,first
3,POR,Scoot Henderson,3,130,3565,0.2,.003,-4.0,-1.8,2023,2026,0.0,0,0.0,0,0.0,0,0.0,0,,0,0.0,0.0,33.0,,,,,,,,none
4,HOU,Amen Thompson,3,182,5510,18.2,.158,2.8,6.6,2023,2026,0.0,0,0.0,0,93.0,0,0.0,0,18.0,0,0.0,171.0,100.0,,,,,2025,,,second
5,DET,Ausar Thompson,3,170,4148,9.2,.106,0.3,2.4,2023,2026,0.0,0,0.0,0,0.0,0,0.0,0,,0,0.0,0.0,35.0,,,,,,,,none
6,ORL,Anthony Black,3,199,4675,6.7,.069,-1.5,0.6,2023,2026,0.0,0,0.0,0,0.0,0,0.0,0,,0,0.0,0.0,1.0,,,,,,,,none
7,IND,Bilal Coulibaly,3,154,4523,1.1,.012,-3.8,-2.1,2023,2026,0.0,0,0.0,0,0.0,0,0.0,0,,0,0.0,0.0,14.0,,,,,,,,none
8,WAS,Jarace Walker,3,161,2792,2.2,.037,-1.7,0.2,2023,2026,0.0,0,0.0,0,0.0,0,0.0,0,,0,0.0,0.0,0.0,,,,,,,,none
9,UTA,Taylor Hendricks,3,79,1490,1.6,.052,-2.6,-0.2,2023,2026,0.0,0,0.0,0,0.0,0,0.0,0,,0,0.0,0.0,0.0,,,,,,,,none
10,DAL,Cason Wallace,3,201,4932,12.6,.123,0.7,3.4,2023,2026,0.0,0,0.0,0,0.0,0,0.0,0,,0,0.0,3.0,67.0,,,,,,,,second
11,ORL,Jett Howard,3,111,1110,0.7,.031,-4.2,-0.6,2023,2026,0.0,0,0.0,0,0.0,0,0.0,0,,0,0.0,0.0,0.0,,,,,,,,none
12,OKC,Dereck Lively II,3,98,2242,8.7,.187,1.6,2.0,2023,2026,0.0,0,1.0,0,0.0,0,0.0,0,,0,0.0,0.0,119.0,,,,,,,,second
13,TOR,Gradey Dick,3,168,3724,3.0,.039,-3.9,-1.8,2023,2026,0.0,0,0.0,0,0.0,0,0.0,0,,0,0.0,0.0,3.0,,,,,,,,none
14,NOP,Jordan Hawkins,3,159,2979,0.1,.002,-4.8,-2.2,2023,2026,0.0,0,0.0,0,0.0,0,0.0,0,,0,0.0,0.0,2.0,,,,,,,,none
15,ATL,Kobe Bufkin,3,32,390,-0.2,-.022,-5.0,-0.3,2023,2026,0.0,0,0.0,0,0.0,0,0.0,0,,0,0.0,0.0,0.0,,,,,,,,none
16,UTA,Keyonte George,3,190,5761,3.8,.031,-2.4,-0.5,2023,2026,0.0,0,0.0,0,0.0,0,0.0,0,,0,0.0,0.0,77.0,,,,,,,,second
17,LAL,Jalen Hood-Schifino,2,36,424,-0.6,-.068,-9.3,-0.8,2023,2025,0.0,0,0.0,0,0.0,0,0.0,0,,0,0.0,0.0,0.0,,,,,,,,none
18,MIA,Jaime Jaquez Jr.,3,191,4919,9.0,.088,-1.1,1.1,2023,2026,0.0,0,10.0,0,0.0,0,1.0,0,,0,0.0,0.0,188.0,,,,,,,,first
19,GSW,Brandin Podziemski,3,192,5126,11.4,.106,0.2,2.8,2023,2026,0.0,0,4.0,0,0.0,0,0.0,0,,0,0.0,1.0,161.0,,,,,,,,first
20,HOU,Cam Whitmore,3,119,2061,3.4,.079,-0.4,0.8,2023,2026,0.0,0,0.0,0,0.0,0,0.0,0,,0,0.0,0.0,3.0,,,,,,,,none
21,BRK,Noah Clowney,3,116,2747,2.2,.039,-3.3,-0.9,2023,2026,0.0,0,0.0,0,0.0,0,0.0,0,,0,0.0,0.0,0.0,,,,,,,,none
22,BRK,Dariq Whitehead,2,22,270,0.0,.007,-4.1,-0.1,2023,2025,0.0,0,0.0,0,0.0,0,0.0,0,,0,0.0,0.0,0.0,,,,,,,,none
23,POR,Kris Murray,3,165,3262,2.5,.037,-3.0,-0.8,2023,2026,0.0,0,0.0,0,0.0,0,0.0,0,,0,0.0,0.0,0.0,,,,,,,,none
24,SAC,Olivier-Maxence Prosper,3,120,1295,2.2,.081,-2.4,-0.1,2023,2026,0.0,0,0.0,0,0.0,0,0.0,0,,0,0.0,0.0,0.0,,,,,,,,none
25,MEM,Marcus Sasser,3,144,2325,3.4,.071,-1.5,0.3,2023,2026,0.0,0,0.0,0,0.0,0,0.0,0,,0,0.0,0.0,1.0,,,,,,,,none
26,IND,Ben Sheppard,3,163,2963,3.7,.059,-2.8,-0.6,2023,2026,0.0,0,0.0,0,0.0,0,0.0,0,,0,0.0,0.0,0.0,,,,,,,,none
27,CHO,Nick Smith Jr.,3,136,2416,-1.1,-.023,-5.7,-2.3,2023,2026,0.0,0,0.0,0,0.0,0,0.0,0,,0,0.0,0.0,0.0,,,,,,,,none
28,UTA,Brice Sensabaugh,3,154,3118,1.8,.027,-2.7,-0.5,2023,2026,0.0,0,0.0,0,0.0,0,0.0,0,,0,0.0,0.0,0.0,,,,,,,,none
29,IND,Julian Strawther,3,146,2342,1.9,.039,-4.7,-1.6,2023,2026,0.0,0,0.0,0,0.0,0,0.0,0,,0,0.0,0.0,0.0,,,,,,,,none
30,LAC,Kobe Brown,3,119,980,1.3,.065,-2.8,-0.2,2023,2026,0.0,0,0.0,0,0.0,0,0.0,0,,0,0.0,0.0,0.0,,,,,,,,none
31,DET,James Nnaji,0,,,,,,,2023,2023,0.0,0,0.0,0,0.0,0,0.0,0,,0,0.0,0.0,0.0,,,,,,,,none
32,IND,Jalen Pickett,3,114,1468,2.0,.067,-2.0,0.0,2023,2026,0.0,0,0.0,0,0.0,0,0.0,0,,0,0.0,0.0,0.0,,,,,,,,none
33,SAS,Leonard Miller,3,50,182,0.6,.147,-0.7,0.1,2023,2026,0.0,0,0.0,0,0.0,0,0.0,0,,0,0.0,0.0,0.0,,,,,,,,none
34,CHO,Colby Jones,3,70,714,0.6,.041,-3.4,-0.2,2023,2026,0.0,0,0.0,0,0.0,0,0.0,0,,0,0.0,0.0,0.0,,,,,,,,none
35,BOS,Julian Phillips,3,155,1784,2.5,.067,-3.4,-0.6,2023,2026,0.0,0,0.0,0,0.0,0,0.0,0,,0,0.0,0.0,0.0,,,,,,,,none
36,ORL,Andre Jackson Jr.,3,149,1714,2.1,.058,-3.9,-0.8,2023,2026,0.0,0,0.0,0,0.0,0,0.0,0,,0,0.0,0.0,0.0,,,,,,,,none
37,OKC,Hunter Tyson,3,90,610,0.3,.027,-5.7,-0.6,2023,2026,0.0,0,0.0,0,0.0,0,0.0,0,,0,0.0,0.0,0.0,,,,,,,,none
38,SAC,Jordan Walsh,3,108,1342,3.2,.115,-1.4,0.2,2023,2026,0.0,0,0.0,0,0.0,0,0.0,0,,0,0.0,0.0,0.0,,,,,,,,none
39,CHO,Mouhamed Gueye,3,91,1459,2.8,.092,-1.8,0.1,2023,2026,0.0,0,0.0,0,0.0,0,0.0,0,,0,0.0,0.0,0.0,,,,,,,,none
40,DEN,Maxwell Lewis,2,62,430,-0.2,-.024,-6.6,-0.5,2023,2025,0.0,0,0.0,0,0.0,0,0.0,0,,0,0.0,0.0,0.0,,,,,,,,none
41,CHO,Amari Bailey,1,10,65,-0.1,-.044,-8.3,-0.1,2023,2024,0.0,0,0.0,0,0.0,0,0.0,0,,0,0.0,0.0,0.0,,,,,,,,none
42,WAS,Tristan Vukcevic,3,78,1060,1.2,.053,-1.3,0.2,2023,2026,0.0,0,0.0,0,0.0,0,0.0,0,,0,0.0,0.0,0.0,,,,,,,,none
43,POR,Rayan Rupert,3,137,1645,0.1,.003,-5.5,-1.4,2023,2026,0.0,0,0.0,0,0.0,0,0.0,0,,0,0.0,0.0,0.0,,,,,,,,none
44,SAS,Sidy Cissoko,3,83,1339,1.2,.042,-3.8,-0.6,2023,2026,0.0,0,0.0,0,0.0,0,0.0,0,,0,0.0,0.0,0.0,,,,,,,,none
45,MEM,GG Jackson II,3,109,2280,2.2,.046,-2.6,-0.3,2023,2026,0.0,0,0.0,0,0.0,0,0.0,0,,0,0.0,0.0,43.0,,,,,,,,second
46,ATL,Seth Lundy,1,9,52,-0.1,-.092,-12.7,-0.1,2023,2024,0.0,0,0.0,0,0.0,0,0.0,0,,0,0.0,0.0,0.0,,,,,,,,none
47,LAL,Mojave King,0,,,,,,,2023,2023,0.0,0,0.0,0,0.0,0,0.0,0,,0,0.0,0.0,0.0,,,,,,,,none
48,LAC,Jordan Miller,3,77,1083,2.0,.088,-1.0,0.3,2023,2026,0.0,0,0.0,0,0.0,0,0.0,0,,0,0.0,0.0,0.0,,,,,,,,none
49,CLE,Emoni Bates,2,25,208,-0.2,-.045,-6.4,-0.2,2023,2025,0.0,0,0.0,0,0.0,0,0.0,0,,0,0.0,0.0,0.0,,,,,,,,none
50,OKC,Keyontae Johnson,1,9,66,-0.1,-.068,-9.8,-0.1,2023,2024,0.0,0,0.0,0,0.0,0,0.0,0,,0,0.0,0.0,0.0,,,,,,,,none
51,BRK,Jalen Wilson,3,156,3192,3.1,.047,-4.0,-1.6,2023,2026,0.0,0,0.0,0,0.0,0,0.0,0,,0,0.0,0.0,0.0,,,,,,,,none
52,PHO,Toumani Camara,3,202,6099,9.7,.076,-1.4,0.9,2023,2026,0.0,0,0.0,0,4.0,0,0.0,0,5.0,0,0.0,74.0,2.0,,,,,,2025,,none
53,MIN,Jaylen Clark,2,92,1225,2.8,.111,-1.7,0.1,2023,2025,0.0,0,0.0,0,0.0,0,0.0,0,,0,0.0,0.0,0.0,,,,,,,,none
54,SAC,Jalen Slawson,1,12,37,0.0,.058,-6.4,0.0,2023,2024,0.0,0,0.0,0,0.0,0,0.0,0,,0,0.0,0.0,0.0,,,,,,,,none
55,IND,Isaiah Wong,2,21,269,0.0,.006,-4.2,-0.1,2023,2025,0.0,0,0.0,0,0.0,0,0.0,0,,0,0.0,0.0,0.0,,,,,,,,none
56,MEM,Tarik Biberovic,0,,,,,,,2023,2023,0.0,0,0.0,0,0.0,0,0.0,0,,0,0.0,0.0,0.0,,,,,,,,none
57,WAS,Trayce Jackson-Davis,3,167,2524,9.6,.183,1.7,2.4,2023,2026,0.0,0,0.0,0,0.0,0,0.0,0,,0,0.0,0.0,42.0,,,,,,,,none
58,MIL,Chris Livingston,3,45,213,0.2,.042,-6.6,-0.3,2023,2026,0.0,0,0.0,0,0.0,0,0.0,0,,0,0.0,0.0,0.0,,,,,,,,none
1,ATL,Zaccharie Risacher,2,116,2838,2.6,.043,-3.5,-1.1,2024,2026,0.0,0,245.0,0,0.0,0,0.0,0,,0,0.0,0.0,199.0,,,,,,,,first
2,WAS,Alex Sarr,2,108,2970,1.7,.028,-1.5,0.4,2024,2026,0.0,0,34.0,0,0.0,0,0.0,0,,0,0.0,0.0,150.0,,,,,,,,first
3,HOU,Reed Sheppard,2,104,1939,4.1,.101,0.8,1.4,2024,2026,0.0,0,0.0,0,0.0,0,0.0,0,,0,0.0,0.0,1.0,,,,,,,,none
4,SAS,Stephon Castle,2,124,3468,4.1,.057,-1.6,0.4,2024,2026,0.0,0,482.0,2025,0.0,0,0.0,0,,0,0.0,0.0,200.0,,,,,,,,first
5,DET,Ron Holland,2,130,2282,3.4,.071,-2.4,-0.2,2024,2026,0.0,0,0.0,0,0.0,0,0.0,0,,0,0.0,0.0,17.0,,,,,,,,none
6,CHO,Tidjane Salaün,2,91,1741,1.2,.034,-3.9,-0.8,2024,2026,0.0,0,0.0,0,0.0,0,0.0,0,,0,0.0,0.0,0.0,,,,,,,,none
7,POR,Donovan Clingan,2,117,2698,9.2,.163,0.8,1.9,2024,2026,0.0,0,0.0,0,0.0,0,0.0,0,,0,0.0,0.0,73.0,,,,,,,,second
8,SAS,Rob Dillingham,2,86,886,-0.4,-.021,-5.7,-0.8,2024,2026,0.0,0,0.0,0,0.0,0,0.0,0,,0,0.0,0.0,1.0,,,,,,,,none
9,MEM,Zach Edey,2,77,1700,5.7,.162,0.1,0.9,2024,2026,0.0,0,10.0,0,0.0,0,0.0,0,,0,0.0,0.0,173.0,,,,,,,,first
10,UTA,Cody Williams,2,90,1831,-1.1,-.029,-6.6,-2.1,2024,2026,0.0,0,0.0,0,0.0,0,0.0,0,,0,0.0,0.0,0.0,,,,,,,,none
11,CHI,Matas Buzelis,2,134,3037,3.9,.062,-1.8,0.1,2024,2026,0.0,0,1.0,0,0.0,0,0.0,0,,0,0.0,0.0,97.0,,,,,,,,second
12,OKC,Nikola Topić,0,,,,,,,2024,2026,0.0,0,0.0,0,0.0,0,0.0,0,,0,0.0,0.0,0.0,,,,,,,,none
13,SAC,Devin Carter,2,55,634,0.3,.025,-3.3,-0.2,2024,2026,0.0,0,0.0,0,0.0,0,0.0,0,,0,0.0,0.0,0.0,,,,,,,,none
14,POR,Bub Carrington,2,134,3919,-0.1,-.001,-4.7,-2.7,2024,2026,0.0,0,0.0,0,0.0,0,0.0,0,,0,0.0,0.0,53.0,,,,,,,,second
15,MIA,Kel'el Ware,2,115,2557,8.4,.157,0.8,1.8,2024,2026,0.0,0,4.0,0,0.0,0,0.0,0,,0,0.0,0.0,138.0,,,,,,,,second
16,PHI,Jared McCain,2,62,1240,1.1,.041,-1.9,0.0,2024,2026,0.0,0,1.0,0,0.0,0,0.0,0,,0,0.0,0.0,7.0,,,,,,,,none
17,LAL,Dalton Knecht,2,120,1983,2.9,.070,-2.5,-0.3,2024,2026,0.0,0,0.0,0,0.0,0,0.0,0,,0,0.0,0.0,17.0,,,,,,,,none
18,ORL,Tristan Da Silva,2,121,2678,3.7,.066,-2.3,-0.2,2024,2026,0.0,0,0.0,0,0.0,0,0.0,0,,0,0.0,0.0,1.0,,,,,,,,none
19,TOR,Ja'Kobe Walter,2,96,1911,2.7,.069,-2.5,-0.2,2024,2026,0.0,0,0.0,0,0.0,0,0.0,0,,0,0.0,0.0,0.0,,,,,,,,none
20,CLE,Jaylon Tyson,2,96,1821,4.3,.114,-0.2,0.8,2024,2026,0.0,0,0.0,0,0.0,0,0.0,0,,0,0.0,0.0,0.0,,,,,,,,none
21,NOP,Yves Missi,2,120,2863,5.4,.091,-2.8,-0.5,2024,2026,0.0,0,0.0,0,0.0,0,0.0,0,,0,0.0,0.0,90.0,,,,,,,,second
22,PHO,DaRon Holmes,1,15,176,0.3,.084,-2.2,0.0,2024,2026,0.0,0,0.0,0,0.0,0,0.0,0,,0,0.0,0.0,0.0,,,,,,,,none
23,MIL,AJ Johnson,2,56,861,-1.1,-.060,-8.9,-1.5,2024,2026,0.0,0,0.0,0,0.0,0,0.0,0,,0,0.0,0.0,0.0,,,,,,,,none
24,NYK,Kyshawn George,2,110,3074,0.9,.014,-2.9,-0.7,2024,2026,0.0,0,0.0,0,0.0,0,0.0,0,,0,0.0,0.0,1.0,,,,,,,,none
25,NYK,Pacome Dadiet,2,38,179,0.2,.046,-3.7,-0.1,2024,2026,0.0,0,0.0,0,0.0,0,0.0,0,,0,0.0,0.0,0.0,,,,,,,,none
26,WAS,Dillon Jones,2,57,566,0.8,.069,-3.9,-0.3,2024,2026,0.0,0,0.0,0,0.0,0,0.0,0,,0,0.0,0.0,0.0,,,,,,,,none
27,MIN,Terrence Shannon Jr.,2,54,621,0.8,.062,-3.7,-0.3,2024,2026,0.0,0,0.0,0,0.0,0,0.0,0,,0,0.0,0.0,0.0,,,,,,,,none
28,DEN,Ryan Dunn,2,121,2321,2.7,.055,-2.8,-0.5,2024,2026,0.0,0,0.0,0,0.0,0,0.0,0,,0,0.0,0.0,9.0,,,,,,,,none
29,UTA,Isaiah Collier,2,117,3002,0.5,.008,-4.3,-1.8,2024,2026,0.0,0,0.0,0,0.0,0,0.0,0,,0,0.0,0.0,52.0,,,,,,,,none
30,BOS,Baylor Scheierman,2,79,1066,2.4,.107,-0.8,0.3,2024,2026,0.0,0,0.0,0,0.0,0,0.0,0,,0,0.0,0.0,0.0,,,,,,,,none
31,TOR,Jonathan Mogbo,2,86,1425,2.1,.071,-2.1,0.0,2024,2026,0.0,0,0.0,0,0.0,0,0.0,0,,0,0.0,0.0,0.0,,,,,,,,none
32,UTA,Kyle Filipowski,2,125,2701,4.1,.073,-1.6,0.3,2024,2026,0.0,0,0.0,0,0.0,0,0.0,0,,0,0.0,0.0,19.0,,,,,,,,none
33,MIL,Tyler Smith,1,23,122,0.2,.083,-0.9,0.0,2024,2025,0.0,0,0.0,0,0.0,0,0.0,0,,0,0.0,0.0,0.0,,,,,,,,none
34,POR,Tyler Kolek,2,88,923,1.2,.063,-2.0,0.0,2024,2026,0.0,0,0.0,0,0.0,0,0.0,0,,0,0.0,0.0,0.0,,,,,,,,none
35,SAS,Johnny Furphy,2,85,1022,1.1,.054,-3.3,-0.3,2024,2026,0.0,0,0.0,0,0.0,0,0.0,0,,0,0.0,0.0,0.0,,,,,,,,none
36,IND,Juan Nunez,0,,,,,,,2024,2024,0.0,0,0.0,0,0.0,0,0.0,0,,0,0.0,0.0,0.0,,,,,,,,none
37,MIN,Bobi Klintman,2,16,102,0.1,.049,-5.9,-0.1,2024,2026,0.0,0,0.0,0,0.0,0,0.0,0,,0,0.0,0.0,0.0,,,,,,,,none
38,NYK,Ajay Mitchell,2,79,1726,5.2,.145,0.8,1.2,2024,2026,0.0,0,0.0,0,0.0,0,0.0,0,,0,0.0,0.0,0.0,,,,,,,,none
39,MEM,Jaylen Wells,2,130,3413,4.7,.066,-2.8,-0.7,2024,2026,0.0,0,123.0,0,0.0,0,0.0,0,,0,0.0,0.0,195.0,,,,,,,,first
40,POR,Oso Ighodaro,2,115,2130,4.0,.089,-1.7,0.2,2024,2026,0.0,0,0.0,0,0.0,0,0.0,0,,0,0.0,0.0,0.0,,,,,,,,none
41,PHI,Adem Bona,2,102,1618,3.8,.114,-2.9,-0.4,2024,2026,0.0,0,0.0,0,0.0,0,0.0,0,,0,0.0,0.0,0.0,,,,,,,,none
42,CHO,KJ Simpson,2,50,1065,-0.6,-.029,-5.5,-0.9,2024,2026,0.0,0,0.0,0,0.0,0,0.0,0,,0,0.0,0.0,0.0,,,,,,,,none
43,MIA,Nikola Djurisic,0,,,,,,,2024,2024,0.0,0,0.0,0,0.0,0,0.0,0,,0,0.0,0.0,0.0,,,,,,,,none
44,HOU,Pelle Larsson,2,100,1859,4.1,.106,-1.5,0.3,2024,2026,0.0,0,0.0,0,0.0,0,0.0,0,,0,0.0,0.0,0.0,,,,,,,,none
45,SAC,Jamal Shead,2,129,2668,2.7,.049,-3.1,-0.7,2024,2026,0.0,0,0.0,0,0.0,0,0.0,0,,0,0.0,0.0,2.0,,,,,,,,none
46,LAC,Cam Christie,2,51,438,0.2,.023,-4.1,-0.2,2024,2026,0.0,0,0.0,0,0.0,0,0.0,0,,0,0.0,0.0,0.0,,,,,,,,none
47,ORL,Antonio Reeves,2,51,716,0.5,.036,-3.0,-0.2,2024,2026,0.0,0,0.0,0,0.0,0,0.0,0,,0,0.0,0.0,0.0,,,,,,,,none
48,SAS,Harrison Ingram,2,9,48,0.1,.144,0.9,0.0,2024,2026,0.0,0,0.0,0,0.0,0,0.0,0,,0,0.0,0.0,0.0,,,,,,,,none
49,IND,Tristen Newton,1,8,16,-0.1,-.330,-20.7,-0.1,2024,2025,0.0,0,0.0,0,0.0,0,0.0,0,,0,0.0,0.0,0.0,,,,,,,,none
50,IND,Enrique Freeman,2,23,185,0.2,.047,-6.2,-0.2,2024,2026,0.0,0,0.0,0,0.0,0,0.0,0,,0,0.0,0.0,0.0,,,,,,,,none
51,NYK,Melvin Ajinça,0,,,,,,,2024,2024,0.0,0,0.0,0,0.0,0,0.0,0,,0,0.0,0.0,0.0,,,,,,,,none
52,GSW,Quinten Post,2,96,1609,3.4,.102,-0.3,0.7,2024,2026,0.0,0,0.0,0,0.0,0,0.0,0,,0,0.0,0.0,4.0,,,,,,,,none
53,DET,Cam Spencer,2,75,1460,4.9,.162,2.2,1.6,2024,2026,0.0,0,0.0,0,0.0,0,0.0,0,,0,0.0,0.0,0.0,,,,,,,,none
54,BOS,Anton Watson,1,9,22,0.0,-.070,-10.1,0.0,2024,2025,0.0,0,0.0,0,0.0,0,0.0,0,,0,0.0,0.0,0.0,,,,,,,,none
55,LAL,Bronny James,2,55,390,0.0,-.003,-5.1,-0.3,2024,2026,0.0,0,0.0,0,0.0,0,0.0,0,,0,0.0,0.0,0.0,,,,,,,,none
56,PHO,Kevin McCullar Jr.,2,19,142,0.1,.034,-4.8,-0.1,2024,2026,0.0,0,0.0,0,0.0,0,0.0,0,,0,0.0,0.0,0.0,,,,,,,,none
57,MEM,Ulrich Chomche,1,7,32,0.0,.001,-7.4,0.0,2024,2025,0.0,0,0.0,0,0.0,0,0.0,0,,0,0.0,0.0,0.0,,,,,,,,none
58,DAL,Ariel Hukporti,2,63,569,0.9,.078,-3.6,-0.2,2024,2026,0.0,0,0.0,0,0.0,0,0.0,0,,0,0.0,0.0,0.0,,,,,,,,none